Rank,name,Position,School,Birthday,Age,Height,Wingspan,Weight (lbs),Hand Width,Reach,Standing Vert (in),Max Vert (in),Lane (sec),Shuttle (sec),3/4 Sprint (sec),Ovr. Rank,Avg. Rank,ESPN,The Athletic,CBS Sports,Tankathon,The Ringer,No Ceilings,Yahoo,GP,GS,MP,PTS,OREB,DREB,TREB,AST,STL,BLK,TOV,PF,FGM,FGA,FG%,2PM,2PA,2P%,3PM,NCAA__3ptapg,NCAA__3ptpct,FTM,FTA,NCAA_ft,TS%,PTS/36,OREB/36,DREB/36,TREB/36,AST/36,STL/36,BLK/36,TOV/36,PF/36,FGA/36,2PA/36,3PA/36,FTA/36,Info,
-1,"Sarr, Alexandre",C,Australia,4/26/05,19.19,"7'1""","7'4.25""",224,"10""","9'2""",30.50,37.0,11.43,3.23,3.27,1,2.57,2,1,1,4,7,1,2,24,,17.2,9.7,1.4,3.0,4.4,0.9,0.5,1.3,1.1,1.4,3.7,7.1,0.520,3.1,5.2,0.605,0.6,2.0,0.298,1.7,2.3,0.714,0.654,20.3,2.9,6.3,9.2,1.9,1.0,2.7,2.3,2.9,7.7,10.9,4.2,4.8,https://www.basketball-reference.com/international/players/alexandre-sarr-1.html,
0,"Sheppard, Reed",PG,Kentucky,6/24/04,20.03,"6'3""","6'6.25""",182,"9""","7'9.5""",32.50,42.0,10.96,3.03,3.08,2,3.57,4,2,3,2,4,5,5,33,5,28.9,12.5,0.4,3.8,4.1,4.5,2.5,0.7,2.0,1.9,4.3,8.0,0.536,2.0,3.6,0.555,2.3,4.4,0.521,1.6,2.0,0.831,0.747,15.6,0.5,4.7,5.1,5.6,3.1,0.9,2.5,2.4,5.4,4.5,5.5,2.5,https://www.sports-reference.com/cbb/players/reed-sheppard-2.html,
1,"Risacher, Zaccharie",SF,France,4/8/05,19.24,6' 9.75'',6' 9.5'',195,"8.75""",8' 11'',25.00,31.0,11.51,2.97,3.38,3,3.71,1,5,2,3,8,6,1,32,,22.0,10.1,1.2,2.6,3.8,0.9,0.8,0.3,1.3,2.4,3.3,7.5,0.439,2.1,4.1,0.511,1.2,3.4,0.352,2.3,3.1,0.740,0.645,16.5,2.0,4.3,6.2,1.5,1.3,0.5,2.1,3.9,5.4,6.7,5.6,5.1,https://www.basketball-reference.com/international/players/zaccharie-risacher-1.html,
2,"Clingan, Donovan",C,UConn,2/23/04,20.37,"7'3""","7'6.75""",282,"10.25""","9'7""",25.50,29.0,12.06,3.38,3.46,4,3.71,3,4,4,7,2,3,3,35,33,22.5,13.0,2.5,4.9,7.4,1.5,0.5,2.5,0.8,2.0,5.3,8.3,0.639,5.3,8.1,0.650,0.1,0.2,0.250,2.3,4.0,0.583,0.760,20.8,4.0,7.8,11.8,2.4,0.8,4.0,1.3,3.2,8.5,13.0,0.3,6.4,https://www.sports-reference.com/cbb/players/donovan-clingan-1.html,
3,"Castle, Stephon",SG,UConn,11/1/04,19.68,"6'6.75""","6'9""",210,"8.75""","8'6""",28.50,37.0,10.93,2.91,3.19,5,3.86,6,3,5,6,1,2,4,34,30,27.0,11.1,1.7,3.0,4.7,2.9,0.8,0.5,1.5,2.4,4.0,8.5,0.472,3.4,6.3,0.544,0.6,2.2,0.267,2.4,3.2,0.755,0.628,14.8,2.3,4.0,6.3,3.9,1.1,0.7,2.0,3.2,5.3,8.4,2.9,4.3,https://www.sports-reference.com/cbb/players/stephon-castle-2.html,
4,"Buzelis, Matas",SF,G-League Ignite,10/13/04,19.73,"6'10""","6'10""",197,"9.25""","8'9.5""",31.00,38.0,10.73,2.90,3.09,6,7.57,5,12,9,5,3,13,6,34,32,31.0,14.1,1.6,5.0,6.6,1.9,0.9,1.9,2.2,2.4,5.4,11.8,0.455,4.5,8.4,0.533,0.9,3.4,0.261,1.4,2.0,0.696,0.584,16.4,1.8,5.8,7.7,2.3,1.1,2.3,2.5,2.8,6.2,9.7,3.9,2.4,https://basketball.realgm.com/player/Matas-Buzelis/Summary/176589,
5,"Knecht, Dalton",SF,Tennessee,4/19/01,23.21,"6'6.5""","6'9""",212,"9.5""","8'7.5""",31.00,39.0,10.56,2.79,3.07,7,7.57,7,9,6,8,9,7,7,36,36,30.6,21.7,0.8,4.1,4.9,1.8,0.7,0.6,1.7,1.8,7.3,16.0,0.458,4.8,9.5,0.499,2.6,6.5,0.397,4.4,5.7,0.772,0.664,25.5,0.9,4.8,5.8,2.1,0.8,0.7,2.0,2.1,8.6,11.2,7.6,6.7,https://www.sports-reference.com/cbb/players/dalton-knecht-1.html,
6,"Topic, Nikola",PG,Serbia,8/10/05,18.90,6' 7'',6' 5.5'',203,"9""",8' 6'',,,,,,8,8.14,10,13,8,1,11,4,10,12,,33.8,18.4,0.8,2.8,3.6,7.1,1.0,0.2,3.2,3.8,6.7,12.8,0.523,5.5,8.3,0.667,1.2,4.5,0.259,3.9,4.6,0.855,0.698,19.6,0.9,3.0,3.8,7.6,1.1,0.2,3.4,4.0,7.1,8.8,4.8,4.9,https://www.basketball-reference.com/international/players/nikola-topic-1.html,
7,"Williams, Cody",SF,Colorado,11/20/04,19.63,"6'7.75""","7'1""",178,"9""","8'7""",31.00,35.5,11.17,2.93,3.06,9,9.71,11,6,11,12,12,8,8,24,18,28.4,11.9,0.7,2.3,3.0,1.6,0.6,0.7,2.0,2.0,4.5,8.1,0.552,3.8,6.4,0.588,0.7,1.7,0.415,2.3,3.2,0.714,0.707,15.1,0.9,2.9,3.8,2.0,0.8,0.9,2.5,2.5,5.7,8.1,2.2,4.1,https://www.sports-reference.com/cbb/players/cody-williams-2.html,
8,"Carter, Devin",SG,Providence,3/18/02,22.30,"6'3.5""","6'8.75""",193,"9""","8'2""",35.00,42.0,10.63,2.90,2.87,10,10.14,12,7,12,13,5,11,11,33,33,35.3,19.7,1.0,7.7,8.7,3.6,1.8,1.0,2.7,1.9,6.6,14.0,0.473,4.1,7.3,0.563,2.5,6.8,0.377,3.9,5.2,0.749,0.687,20.1,1.0,7.9,8.9,3.7,1.8,1.0,2.8,1.9,6.7,7.4,6.9,5.3,https://www.sports-reference.com/cbb/players/devin-carter-3.html,
9,"Dillingham, Rob",PG,Kentucky,1/4/05,19.50,"6'2.25""","6'3""",164,"8.25""","7'11""",,,,,,11,10.57,8,15,7,9,10,9,16,32,1,23.3,15.2,0.3,2.7,2.9,3.9,1.0,0.1,2.0,2.6,5.4,11.3,0.475,3.4,6.8,0.495,2.0,4.5,0.444,2.4,3.1,0.796,0.652,23.5,0.5,4.2,4.5,6.0,1.5,0.2,3.1,4.0,8.3,10.5,7.0,4.8,https://www.sports-reference.com/cbb/players/rob-dillingham-1.html,
10,"Holland, Ron",SF,G-League Ignite,7/7/05,18.99,"6'7.25""","6'10.75""",197,"9""","8'8""",30.00,38.0,11.10,2.91,3.10,12,11.57,13,10,10,10,13,12,13,29,28,31.9,19.5,1.6,5.1,6.7,2.9,2.3,0.9,3.2,3.2,7.1,15.5,0.460,6.4,12.2,0.520,0.8,3.3,0.240,2.9,3.9,0.728,0.615,22.0,1.7,5.8,7.5,3.3,2.6,1.0,3.6,3.6,8.1,13.8,3.7,4.4,https://basketball.realgm.com/player/Ron-Holland/Summary/162288,
11,"Salaun, Tidjane",PF,France,8/10/05,18.90,6' 10'',7' 1.5'',217,"9.75""",9' 2'',27.50,32.0,11.45,3.05,3.37,13,11.71,9,11,15,11,6,21,9,33,,22.7,9.0,1.4,2.7,4.0,1.0,1.2,0.2,1.5,2.5,2.9,7.9,0.373,1.5,3.6,0.425,1.4,4.2,0.329,1.7,2.2,0.767,0.546,14.3,2.2,4.3,6.3,1.6,1.9,0.3,2.4,4.0,4.6,5.7,6.7,3.5,https://www.basketball-reference.com/international/players/tidjane-salaun-1.html,
12,"McCain, Jared",SG,Duke,2/20/04,20.38,"6'3.25""","6'3.5""",203,"9.5""","8'2""",25.50,33.0,10.87,3.07,3.23,14,13.71,15,14,14,14,14,10,15,36,36,31.6,14.3,0.8,4.2,5.0,1.9,1.1,0.1,1.3,1.6,4.9,10.5,0.462,2.4,4.7,0.521,2.4,5.8,0.414,2.1,2.4,0.885,0.657,16.3,0.9,4.8,5.7,2.2,1.3,0.1,1.5,1.8,5.6,5.4,6.6,2.7,https://www.sports-reference.com/cbb/players/jared-mccain-2.html,
13,"Walter, Ja'Kobe",SG,Baylor,9/4/04,19.84,"6'5.5""","6'10""",198,"9.75""","8'6.5""",30.50,38.5,11.00,2.92,3.04,15,16.86,14,23,18,15,16,18,14,35,35,32.3,14.5,1.3,3.1,4.4,1.4,1.1,0.2,1.3,2.1,4.1,10.9,0.376,2.0,4.7,0.423,2.1,6.3,0.341,4.1,5.2,0.792,0.645,16.2,1.4,3.5,4.9,1.6,1.2,0.2,1.4,2.3,4.6,5.2,7.0,5.8,https://www.sports-reference.com/cbb/players/jakobe-walter-2.html,
14,"Carrington, Carlton",PG,Pittsburgh,7/21/05,18.96,"6'5""","6'8""",195,"9.25""","8'3""",28.50,36.5,11.28,2.99,3.16,16,17.14,19,8,17,30,17,17,12,33,33,33.2,13.8,0.5,4.7,5.2,4.1,0.6,0.2,1.9,2.4,4.8,11.7,0.412,2.8,5.6,0.511,2.0,6.1,0.322,2.2,2.8,0.785,0.573,15.0,0.5,5.1,5.6,4.4,0.7,0.2,2.1,2.6,5.2,6.1,6.6,3.0,https://www.sports-reference.com/cbb/players/carlton-carrington-1.html,
15,"da Silva, Tristan",PF,Colorado,5/15/01,23.14,"6'9.5""",6'10.25,217,"9.5""","8'8.5""",28.50,35.5,10.81,2.82,3.09,17,18.71,17,18,24,16,22,14,20,34,34,33.8,16.0,0.9,4.1,5.1,2.4,1.1,0.6,1.8,2.0,5.8,11.8,0.493,3.9,7.0,0.559,1.9,4.8,0.395,2.5,3.0,0.835,0.657,17.0,1.0,4.4,5.4,2.6,1.2,0.6,1.9,2.1,6.2,7.5,5.1,3.2,https://www.sports-reference.com/cbb/players/tristan-dasilva-1.html,
16,"Collier, Isaiah",PG,USC,10/8/04,19.74,"6'3.75""",6'4.75,205,"9""","8'1.5""",30.00,34.0,10.77,2.90,3.04,18,18.71,23,19,13,20,19,16,21,27,26,30.0,16.3,0.6,2.3,2.9,4.3,1.5,0.2,3.3,2.4,5.7,11.6,0.490,4.7,8.7,0.543,1.0,3.0,0.338,3.9,5.8,0.673,0.685,19.6,0.7,2.8,3.5,5.2,1.8,0.2,4.0,2.9,6.8,10.4,3.6,7.0,https://www.sports-reference.com/cbb/players/isaiah-collier-2.html,
17,"Edey, Zach",C,Purdue,5/14/02,22.14,"7'5.25""","7'10.75""",299,"10.75""","9'7""",26.00,31.5,11.19,3.01,3.42,19,19.14,16,17,23,26,15,19,18,39,39,32.0,25.2,4.6,7.5,12.2,2.0,0.3,2.2,2.3,1.9,8.6,13.8,0.623,8.6,13.8,0.624,0.0,0.1,0.500,7.9,11.2,0.711,0.893,28.4,5.2,8.4,13.7,2.3,0.3,2.5,2.6,2.1,9.7,15.5,0.1,12.6,https://www.sports-reference.com/cbb/players/zach-edey-1.html,
18,"Filipowski, Kyle",PF,Duke,11/7/03,20.66,"7'0.25""","6'10.5""",230,"9.5""","8'11""",27.00,32.5,11.43,2.93,3.19,20,20.57,21,16,16,17,30,15,29,36,36,30.4,16.4,2.2,6.1,8.3,2.8,1.1,1.5,2.1,3.0,6.1,12.1,0.505,5.0,9.0,0.559,1.1,3.1,0.348,3.1,4.6,0.671,0.662,19.4,2.6,7.2,9.8,3.3,1.3,1.8,2.5,3.6,7.2,10.7,3.7,5.4,https://www.sports-reference.com/cbb/players/kyle-filipowski-1.html,
19,"Missi, Yves",C,Baylor,5/14/04,20.14,"7'0""","7'2""",229,"10""","9'1.5""",31.00,38.5,11.45,3.12,3.12,21,22.29,22,20,19,22,25,29,19,34,32,22.9,10.7,2.6,3.0,5.6,0.4,0.6,1.5,1.1,2.4,4.1,6.7,0.614,4.1,6.7,0.614,0.0,0.0,0.000,2.5,4.1,0.616,0.767,16.8,4.1,4.7,8.8,0.6,0.9,2.4,1.7,3.8,6.4,10.5,0.0,6.4,https://www.sports-reference.com/cbb/players/yves-missi-2.html,
20,"Ware, Kel'el",C,Indiana,4/20/04,20.21,"7'1""","7'4.5""",230,"10.25""","9'4.5""",32.50,36.0,10.97,2.91,3.29,22,23.29,24,26,27,19,20,24,23,30,30,32.2,15.9,2.1,7.8,9.9,1.5,0.6,1.9,1.6,2.0,6.3,10.7,0.586,5.7,9.4,0.609,0.6,1.3,0.425,2.8,4.5,0.634,0.724,17.8,2.3,8.7,11.1,1.7,0.7,2.1,1.8,2.2,7.0,10.5,1.5,5.0,https://www.sports-reference.com/cbb/players/kelel-ware-1.html,
21,"Kolek, Tyler",PG,Marquette,3/27/01,23.27,"6'2.5""",6'2.75,197,"9.5""","7'11""",27.00,34.0,10.97,3.08,3.27,23,23.86,25,21,26,24,21,28,22,31,31,33.0,15.3,0.7,4.2,4.9,7.7,1.6,0.2,2.9,1.0,5.6,11.3,0.496,4.1,7.4,0.552,1.5,3.9,0.388,2.6,3.0,0.851,0.655,16.7,0.8,4.6,5.3,8.4,1.7,0.2,3.2,1.1,6.1,8.1,4.3,3.3,https://www.sports-reference.com/cbb/players/tyler-kolek-1.html,
22,"Furphy, Johnny",SF,Kansas,12/7/04,19.58,"6'8.75""","6'8""",189,"9.5""","8'8.5""",25.50,32.0,11.15,3.17,3.20,24,24.14,18,27,25,18,29,25,27,33,19,24.1,9.0,1.3,3.6,4.9,1.0,0.9,0.3,0.8,2.1,2.9,6.2,0.466,1.6,2.5,0.642,1.3,3.8,0.352,1.9,2.5,0.765,0.688,13.4,1.9,5.4,7.3,1.5,1.3,0.4,1.2,3.1,4.3,3.7,5.7,3.7,https://www.sports-reference.com/cbb/players/johnny-furphy-1.html,
23,"George, Kyshawn",SF,Miami,12/12/03,20.56,"6'8.25""","6'10.25""",209,"10.25""","8'9""",27.00,32.0,11.90,2.91,3.32,25,26.00,20,35,29,27,34,20,17,31,16,23.0,7.6,0.5,2.6,3.0,2.2,0.9,0.4,1.5,1.8,2.6,6.1,0.426,0.9,1.9,0.467,1.7,4.2,0.408,0.7,0.9,0.778,0.590,11.9,0.8,4.1,4.7,3.4,1.4,0.6,2.3,2.8,4.1,3.0,6.6,1.4,https://www.sports-reference.com/cbb/players/kyshawn-george-1.html,
24,"Smith, Tyler",PF,G-League Ignite,11/2/04,19.68,"6'10.25""","7'1""",224,"9""","8'9""",32.00,38.0,10.74,2.99,3.28,26,26.29,34,25,21,23,27,22,32,43,2,22.2,13.7,1.7,3.4,5.1,1.3,0.8,0.9,1.3,2.6,5.0,10.3,0.480,3.6,6.6,0.546,1.4,3.7,0.360,1.4,1.9,0.732,0.645,22.3,2.8,5.5,8.3,2.2,1.3,1.5,2.0,4.3,8.0,10.7,6.1,3.1,https://basketball.realgm.com/player/Tyler-Smith/Summary/170123,
25,"Holmes II, DaRon",C,Dayton,8/15/02,21.89,"6'10""","7'1""",236,"9""","9'0""",27.50,34.0,11.20,3.03,3.25,27,26.57,38,24,20,25,32,23,24,33,33,32.5,20.4,1.7,6.8,8.5,2.6,0.9,2.1,2.2,2.0,6.6,12.1,0.544,5.6,9.6,0.585,1.0,2.5,0.386,6.2,8.8,0.713,0.822,22.6,1.9,7.5,9.4,2.9,1.0,2.3,2.4,2.2,7.3,10.6,2.8,9.7,https://www.sports-reference.com/cbb/players/daron-holmesii-1.html,
26,"Scheierman, Baylor",SF,Creighton,9/26/00,23.78,"6'7.5""","6'8.25""",202,"9.75""","8'6.5""",27.50,32.0,10.89,2.94,3.09,28,28.57,27,22,28,29,31,35,28,35,35,36.8,18.5,0.7,8.3,9.0,3.9,0.9,0.1,2.2,1.7,6.3,14.0,0.448,3.1,5.7,0.545,3.1,8.3,0.381,2.8,3.2,0.876,0.643,18.1,0.7,8.1,8.8,3.8,0.9,0.1,2.2,1.7,6.2,5.6,8.1,3.1,https://www.sports-reference.com/cbb/players/baylor-scheierman-1.html,
27,"Tyson, Jaylon",SF,California,12/2/02,21.59,"6'6.75""","6'8""",218,"9.5""","8'6.5""",29.50,36.5,11.13,3.06,3.12,29,30.00,31,28,31,31,33,26,30,31,30,34.3,19.6,1.6,5.1,6.8,3.5,1.2,0.5,3.1,2.1,7.2,15.4,0.465,5.5,10.9,0.509,1.6,4.5,0.360,3.6,4.6,0.796,0.622,20.6,1.7,5.4,7.1,3.7,1.3,0.5,3.3,2.2,7.6,11.4,4.7,4.8,https://www.sports-reference.com/cbb/players/jaylon-tyson-1.html,
28,"Klintman, Bobi",PF,Australia,3/6/03,21.33,"6'10""","6'11""",212,"10""","8'10.5""",26.50,32.5,11.49,3.21,3.23,30,30.29,29,36,32,28,18,36,33,23,,21.3,9.7,0.7,4.1,4.8,0.7,0.8,0.5,1.6,2.7,3.2,7.3,0.443,1.9,3.6,0.530,1.3,3.7,0.357,2.0,2.5,0.793,0.634,16.4,1.2,6.9,8.1,1.2,1.4,0.8,2.7,4.6,5.4,6.1,6.3,4.2,https://www.basketball-reference.com/international/players/bobi-klintman-1.html,
29,"Dadiet, Pacome",SF,France,7/27/05,18.94,6' 9'',6' 9'',217,"9""",8' 11.5'',29.00,36.0,11.84,2.94,3.21,31,30.86,30,34,37,32,26,31,26,18,,14.9,6.4,0.6,1.0,1.6,0.3,0.6,0.2,0.9,1.6,2.3,5.2,0.452,1.6,2.7,0.583,0.8,2.5,0.311,1.0,1.4,0.720,0.580,15.5,1.4,2.4,3.9,0.7,1.4,0.5,2.2,3.9,5.6,6.5,6.0,3.4,https://www.basketball-reference.com/international/players/pacome-dadiet-1.html,
30,"Dunn, Ryan",PF,Virginia,1/7/03,21.49,"6'7.5""","7'1.5""",214,"9.75""","8'7""",32.00,38.5,10.99,2.88,3.12,32,31.29,28,29,22,33,36,33,38,34,34,27.5,8.1,2.2,4.7,6.9,0.8,1.3,2.3,0.8,2.1,3.4,6.1,0.548,3.1,5.1,0.618,0.2,1.0,0.200,1.2,2.3,0.532,0.639,10.6,2.9,6.2,9.0,1.0,1.7,3.0,1.0,2.7,4.5,6.7,1.3,3.0,https://www.sports-reference.com/cbb/players/ryan-dunn-1.html,
31,"Shannon Jr, Terrence",SF,Illinois,7/30/00,23.93,"6'7""","6'8.75""",219,"8.5""","8'4""",,,,,,33,33.43,26,39,33,21,23,67,25,32,31,33.9,23.0,0.8,3.2,4.0,2.3,1.0,0.9,2.0,2.2,6.8,14.4,0.475,4.4,7.8,0.573,2.4,6.7,0.362,6.9,8.6,0.801,0.780,24.4,0.8,3.4,4.2,2.4,1.1,1.0,2.1,2.3,7.2,8.3,7.1,9.1,https://www.sports-reference.com/cbb/players/terrence-shannonjr-1.html,
32,"Christie, Cameron",SG,Minnesota,7/24/05,18.95,"6'5.75""","6'8""",190,"8""","8'5.5""",32.50,35.5,11.07,2.95,3.07,34,38.29,32,33,40,38,43,51,31,33,26,30.1,11.3,0.2,3.4,3.6,2.2,0.6,0.3,1.2,1.6,3.8,9.4,0.403,1.7,4.0,0.420,2.1,5.4,0.391,1.6,2.0,0.791,0.580,13.5,0.2,4.1,4.3,2.6,0.7,0.4,1.4,1.9,4.5,4.8,6.5,2.4,https://www.sports-reference.com/cbb/players/cam-christie-1.html,
33,"Johnson, AJ",SG,Australia,12/1/04,19.59,"6'5.75""","6'8.5""",167,"8.5""","8'6""",29.00,38.0,10.76,2.87,3.15,35,38.43,35,32,46,36,56,30,34,25,,7.9,2.8,0.3,1.0,1.3,0.7,0.2,0.1,0.6,0.8,1.1,3.0,0.355,0.8,1.9,0.396,0.3,1.1,0.286,0.3,0.5,0.538,0.433,12.8,1.4,4.6,5.9,3.2,0.9,0.5,2.7,3.6,5.0,8.7,5.0,2.3,https://www.basketball-reference.com/international/players/aj-johnson-1.html,
34,"McCullar Jr, Kevin",SF,Kansas,3/15/01,23.31,"6'6.5""","6'9""",206,"9.5""","8'7""",,,,,,36,40.86,37,55,39,34,41,27,53,26,26,34.2,18.3,0.8,5.2,6.0,4.1,1.5,0.4,2.5,1.9,6.1,13.5,0.454,4.6,9.0,0.515,1.5,4.5,0.333,4.6,5.7,0.805,0.660,19.3,0.8,5.5,6.3,4.3,1.6,0.4,2.6,2.0,6.4,9.5,4.7,6.0,https://www.sports-reference.com/cbb/players/kevin-mccullar-1.html,
35,"Mogbo, Jonathan",PF,San Francisco,10/29/01,22.68,"6'7.5""","7'2""",217,"8.75""","9'0.5""",31.50,37.5,11.14,3.07,3.02,37,41.00,40,43,44,39,39,42,40,34,34,28.9,14.2,3.3,6.8,10.1,3.6,1.6,0.8,1.8,2.6,6.1,9.5,0.636,6.1,9.5,0.640,0.0,0.1,0.000,2.1,3.1,0.692,0.724,17.7,4.1,8.5,12.6,4.5,2.0,1.0,2.2,3.2,7.6,11.8,0.1,3.9,https://www.sports-reference.com/cbb/players/jonathan-mogbo-1.html,
36,"Edwards, Justin",SF,Kentucky,12/16/03,20.55,"6'7.25""","6'10""",209,"8.75""","8'6.5""",28.00,32.5,12.07,3.22,3.18,38,41.71,39,58,30,41,49,38,37,32,30,21.4,8.8,1.2,2.2,3.4,0.9,0.9,0.2,0.8,2.2,3.3,6.8,0.486,2.3,4.2,0.564,1.0,2.7,0.365,1.2,1.5,0.776,0.616,14.8,2.0,3.7,5.7,1.5,1.5,0.3,1.3,3.7,5.6,7.1,4.5,2.5,https://www.sports-reference.com/cbb/players/justin-edwards-4.html,
37,"Bona, Adem",C,UCLA,3/28/03,21.27,"6'9.5""","7'3.75""",243,"10""","9'0""",35.00,40.0,11.01,3.01,3.15,39,41.86,33,41,43,44,38,41,53,33,33,26.5,12.4,2.0,3.9,5.9,1.2,1.1,1.8,2.5,3.6,4.6,7.9,0.588,4.6,7.8,0.591,0.0,0.0,0.000,3.1,4.5,0.696,0.756,16.8,2.7,5.3,8.0,1.6,1.5,2.4,3.4,4.9,6.2,10.6,0.0,6.1,https://www.sports-reference.com/cbb/players/adem-bona-1.html,
38,"Nunez, Juan",PG,Spain,6/4/04,20.09,6' 5.25'',6' 6.5'',206,"9.5""",8' 6'',22.00,29.0,11.47,3.10,3.41,40,42.14,36,47,48,35,46,47,36,14,,25.9,10.4,1.0,2.8,3.8,5.8,1.9,0.1,2.9,2.1,3.9,7.8,0.505,3.0,5.2,0.575,0.9,2.6,0.361,1.6,2.9,0.537,0.647,14.5,1.4,3.9,5.3,8.1,2.6,0.1,4.0,2.9,5.4,7.2,3.6,4.0,https://www.basketball-reference.com/international/players/juan-nunez-1.html,
39,"Djurisic, Nikola",SF,Serbia,2/23/04,20.37,"6'8.25""","6'8""",209,"10""","8'6.5""",27.50,34.5,10.63,2.92,3.12,41,42.57,50,37,49,42,24,43,53,26,,30.7,14.4,0.3,2.4,2.7,3.4,1.0,0.4,3.2,2.7,4.9,10.8,0.454,3.7,7.0,0.519,1.2,3.7,0.330,3.4,4.6,0.739,0.647,16.9,0.4,2.8,3.2,4.0,1.2,0.5,3.8,3.2,5.7,8.2,4.3,5.4,https://www.basketball-reference.com/international/players/nikola-djurisic-1.html,
40,"Mitchell, Ajay",PG,UC Santa Barbara,6/25/02,22.03,"6'4.5""","6'6.25""",197,"8.5""","8'5""",28.00,33.5,11.12,2.95,3.11,42,43.29,41,30,52,37,50,40,53,29,29,31.5,20.0,0.2,3.8,4.0,4.0,1.2,0.4,2.6,2.6,6.7,13.3,0.504,5.6,10.4,0.535,1.1,2.9,0.393,5.4,6.3,0.858,0.731,22.9,0.2,4.3,4.6,4.6,1.4,0.5,3.0,3.0,7.7,11.9,3.3,7.2,https://www.sports-reference.com/cbb/players/ajay-mitchell-1.html,
41,"Simpson, KJ",PG,Colorado,8/8/02,21.91,"6'1.5""","6'4.5""",187,"9.25""","7'9.5""",32.50,40.5,10.49,2.98,3.24,43,43.86,52,53,35,45,35,34,53,37,37,35.1,19.7,0.8,5.1,5.8,4.9,1.6,0.1,2.2,2.5,6.6,13.8,0.475,4.4,8.9,0.497,2.1,4.9,0.434,4.4,5.0,0.876,0.694,20.2,0.8,5.2,5.9,5.0,1.6,0.1,2.3,2.6,6.8,9.1,5.0,5.1,https://www.sports-reference.com/cbb/players/kj-simpson-1.html,
42,"Ingram, Harrison",SF,North Carolina,11/27/02,21.61,"6'6.5""","7'0.25""",234,"10.25""","8'6.5""",29.00,35.0,11.36,2.94,3.17,44,44.00,44,54,36,48,42,45,39,37,36,32.8,12.2,2.6,6.2,8.8,2.2,1.4,0.4,1.4,1.9,4.4,10.2,0.430,2.6,5.7,0.467,1.8,4.6,0.385,1.6,2.6,0.612,0.583,13.4,2.9,6.8,9.7,2.4,1.5,0.4,1.5,2.1,4.8,6.3,5.0,2.9,https://www.sports-reference.com/cbb/players/harrison-ingram-1.html,
43,"Shead, Jamal",PG,Houston,7/24/02,21.95,"6'1.5""","6'3""",201,"8'75""","8'0""",30.00,37.5,10.87,2.87,2.94,45,45.14,46,31,41,47,54,44,53,37,37,31.1,12.9,0.9,2.8,3.7,6.3,2.2,0.5,2.0,2.0,4.8,11.7,0.409,3.6,7.9,0.456,1.2,3.8,0.309,2.2,2.8,0.779,0.536,14.9,1.0,3.2,4.3,7.3,2.5,0.6,2.3,2.3,5.6,9.1,4.4,3.2,https://www.sports-reference.com/cbb/players/jamal-shead-1.html,
44,"Jones, Dillon",SF,Weber State,10/29/01,22.68,"6'5.75""","6'11""",237,"9.25""","8'4.5""",26.50,33.5,11.08,2.82,3.25,46,45.57,51,65,34,43,59,32,35,31,31,37.0,20.8,0.8,9.0,9.8,5.2,2.0,0.1,3.0,2.3,6.9,14.2,0.489,5.8,10.8,0.540,1.1,3.4,0.324,5.8,6.8,0.857,0.713,20.2,0.8,8.8,9.5,5.1,1.9,0.1,2.9,2.2,6.7,10.5,3.3,6.6,https://www.sports-reference.com/cbb/players/dillon-jones-1.html,
45,"Spencer, Cam",SG,UConn,4/6/00,24.25,"6'4.25""","6'5""",202,"9.75""","8'2.5""",23.00,30.5,11.07,3.00,3.35,47,48.14,42,38,59,53,37,55,53,40,40,33.0,14.3,1.1,3.8,4.9,3.6,1.5,0.3,1.0,2.2,4.9,10.1,0.484,2.4,4.5,0.539,2.5,5.6,0.440,2.1,2.3,0.911,0.681,15.6,1.2,4.1,5.3,3.9,1.6,0.3,1.1,2.4,5.3,4.9,6.1,2.5,https://www.sports-reference.com/cbb/players/cam-spencer-1.html,
46,"Ighodaro, Oso",C,Marquette,7/14/02,21.98,"6'10.75""","6'11""",222,"10""","8'8.5""",35.00,39.5,11.25,3.12,3.09,48,48.71,58,42,51,40,45,52,53,36,36,32.5,13.4,2.6,4.3,6.9,2.9,1.1,1.3,1.8,2.2,5.4,9.4,0.576,5.4,9.4,0.580,0.0,0.1,0.000,2.5,4.1,0.623,0.693,14.8,2.9,4.8,7.6,3.2,1.2,1.4,2.0,2.4,6.0,10.4,0.1,4.5,https://www.sports-reference.com/cbb/players/oso-ighodaro-1.html,
47,"Bridges, Jalen",SF,Baylor,5/14/01,23.14,"6'8""","6'10""",213,"10""","8'9""",25.00,32.0,11.14,3.00,3.16,49,50.71,53,52,50,54,47,46,53,35,35,31.7,12.2,1.9,3.7,5.7,1.4,1.1,0.6,1.0,1.5,4.1,8.8,0.466,2.0,3.8,0.538,2.1,5.1,0.412,1.9,2.3,0.823,0.666,13.9,2.2,4.2,6.5,1.6,1.2,0.7,1.1,1.7,4.7,4.3,5.8,2.6,https://www.sports-reference.com/cbb/players/jalen-bridges-1.html,
48,"Johnson, Keshad",PF,Arizona,6/23/01,23.03,"6'7.5""","6'10.25""",224,"10.75""","8'7""",31.50,42.0,11.38,3.02,3.03,50,50.86,49,51,47,51,52,53,53,36,36,27.6,11.5,2.0,3.9,5.9,1.8,1.0,0.7,1.6,2.1,4.2,7.9,0.530,3.2,5.3,0.599,1.0,2.6,0.387,2.1,3.0,0.710,0.700,15.0,2.6,5.1,7.7,2.3,1.3,0.9,2.1,2.7,5.5,6.9,3.4,3.9,https://www.sports-reference.com/cbb/players/keshad-johnson-1.html,
49,"Wells, Jaylen",SF,Washington State,8/26/03,20.86,"6'7.75""","6'7.25""",206,"9.25""","8'7.5""",27.50,36.0,11.28,3.03,3.08,51,51.00,47,50,54,49,44,60,53,34,20,29.2,12.6,1.2,3.4,4.6,1.2,0.5,0.2,0.7,1.9,4.1,9.4,0.436,2.0,4.4,0.457,2.1,4.9,0.417,2.3,2.9,0.814,0.646,15.5,1.5,4.2,5.7,1.5,0.6,0.2,0.9,2.3,5.1,5.4,6.0,3.6,https://www.sports-reference.com/cbb/players/jaylen-wells-1.html,
50,"Hall, PJ",C,Clemson,2/21/02,22.37,"6'9.75""","7'1.5""",240,"9.75""","8'7.5""",32.50,39.5,11.76,3.01,3.35,52,51.43,61,45,45,59,60,37,53,36,36,28.9,18.3,1.6,4.8,6.4,1.4,0.8,1.4,1.9,3.1,6.7,13.7,0.488,5.2,9.1,0.575,1.4,4.6,0.315,3.5,4.5,0.779,0.652,22.8,2.0,6.0,8.0,1.7,1.0,1.7,2.4,3.9,8.3,11.3,5.7,5.6,https://www.sports-reference.com/cbb/players/pj-hall-1.html,
51,"Larsson, Pelle",SG,Arizona,2/23/01,23.37,"6'6.5""","6'7.5""",212,"10.25""","8'6""",30.50,38.0,11.15,2.91,3.06,53,51.86,45,49,60,46,51,59,53,36,36,30.1,12.8,1.1,3.0,4.1,3.7,0.9,0.2,1.9,2.6,4.5,8.7,0.519,3.3,5.7,0.568,1.3,3.0,0.426,2.4,3.2,0.750,0.709,15.3,1.3,3.6,4.9,4.4,1.1,0.2,2.3,3.1,5.4,6.8,3.6,3.8,https://www.sports-reference.com/cbb/players/pelle-larsson-1.html,
52,"Alexander, Trey",SG,Creighton,5/2/03,21.18,"6'4.5""","6'10.5""",187,"10""","8'5.5""",26.50,32.0,11.37,2.92,3.21,54,52.43,62,44,38,50,70,50,53,35,35,37.3,17.6,0.5,5.2,5.7,4.7,1.1,0.4,2.5,1.7,6.6,14.9,0.446,4.9,9.6,0.504,1.8,5.2,0.339,2.5,3.1,0.824,0.577,17.0,0.5,5.0,5.5,4.5,1.1,0.4,2.4,1.6,6.4,9.3,5.0,3.0,https://www.sports-reference.com/cbb/players/trey-alexander-1.html,
53,"Flowers, Trentyn",SF,Australia,3/8/05,19.33,"6'7.75""","6'8.25""",201,"9.5""","8'4.5""",34.50,42.0,11.01,3.00,3.13,55,52.86,56,73,61,60,28,39,53,18,5,12.7,5.0,0.6,2.3,2.9,0.4,0.3,0.1,1.0,1.3,1.8,4.0,0.444,1.4,2.9,0.473,0.4,1.1,0.368,1.1,1.7,0.613,0.586,14.2,1.6,6.6,8.2,1.2,0.8,0.3,2.8,3.8,5.0,8.3,3.0,4.9,https://basketball.realgm.com/player/Trentyn-Flowers/Summary/191124,
54,"Ajinca, Melvin",SF,France,6/26/04,20.03,6' 8.5'',6' 7.5'',214,"9.75""",8' 10.5'',26.50,31.0,11.78,3.00,3.38,56,52.86,48,57,53,52,40,67,53,28,,24.6,9.3,1.0,2.3,3.3,0.8,0.5,0.0,0.6,2.2,3.0,8.0,0.375,1.4,2.7,0.507,1.6,5.3,0.309,1.7,2.1,0.797,0.557,13.6,1.5,3.4,4.8,1.2,0.7,0.0,0.9,3.2,4.4,4.0,7.8,3.1,https://www.basketball-reference.com/international/players/melvin-ajinca-1.html,
55,"Newton, Tristen",PG,UConn,4/26/01,23.19,"6'4.5""","6'6.75""",192,"9""","8'4""",25.00,32.5,10.96,2.84,3.24,57,53.86,66,46,42,57,57,56,53,40,40,33.2,15.1,1.4,5.2,6.6,6.2,0.9,0.3,2.5,1.8,4.6,11.0,0.415,2.8,5.5,0.509,1.8,5.5,0.321,4.2,5.2,0.808,0.665,16.4,1.5,5.6,7.2,6.7,1.0,0.3,2.7,2.0,5.0,6.0,6.0,5.6,https://www.sports-reference.com/cbb/players/tristen-newton-1.html,
56,"Reeves, Antonio",SG,Kentucky,11/20/00,23.63,"6'5.75""","6'8.25""",187,"10""","8'4.5""",29.00,36.0,11.44,3.16,3.14,58,54.14,54,40,56,58,70,48,53,33,33,31.4,20.2,0.7,3.4,4.2,1.6,0.7,0.2,1.2,1.8,7.1,13.9,0.512,4.6,8.2,0.557,2.5,5.7,0.447,3.4,4.0,0.863,0.707,23.2,0.8,3.9,4.8,1.8,0.8,0.2,1.4,2.1,8.1,9.4,6.5,4.6,https://www.sports-reference.com/cbb/players/antonio-reeves-1.html,
57,"Chomche, Ulrich",C,NBA Academy Africa,12/30/05,18.51,"6'11.5""","7'4""",232,"10.25""","9'1""",29.00,35.5,11.74,2.84,3.10,59,57.43,43,82,63,55,48,58,53,3,3,30.1,13.0,1.3,7.7,9.0,3.3,1.3,2.7,5.0,1.0,4.7,11.0,0.424,2.0,4.0,0.500,2.7,7.0,0.381,1.0,1.3,0.750,0.574,15.5,1.6,9.2,10.8,4.0,1.6,3.2,6.0,1.2,5.6,4.8,8.4,1.6,https://basketball.realgm.com/player/Ulrich-Chomche/Summary/155584,
58,"Post, Quinten",C,Boston College,3/21/00,24.29,"7'1.25""","7'2.5""",244,"10""","9'4""",24.00,27.0,11.48,3.03,3.40,60,58.71,60,48,66,62,55,67,53,35,35,31.9,17.0,2.0,6.1,8.1,2.9,0.9,1.7,2.5,2.9,6.3,12.3,0.514,4.9,9.0,0.544,1.4,3.3,0.431,2.9,3.5,0.821,0.671,19.2,2.3,6.9,9.1,3.3,1.0,1.9,2.8,3.3,7.1,10.2,3.7,3.9,https://www.sports-reference.com/cbb/players/quinten-post-1.html,
59,"Crawford, Isaiah",SF,Louisiana Tech,11/1/01,22.68,"6'6""","7'0""",220,,,,,,,,61,60.00,67,56,69,56,70,49,53,32,32,32.9,16.3,1.9,4.3,6.2,2.4,2.1,1.7,2.5,2.3,5.7,11.7,0.485,4.4,8.6,0.511,1.3,3.1,0.414,3.7,5.1,0.728,0.678,17.8,2.1,4.7,6.8,2.6,2.3,1.9,2.7,2.5,6.2,9.4,3.4,5.6,https://www.sports-reference.com/cbb/players/isaiah-crawford-1.html,
60,"Freeman, Enrique",PF,Akron,7/29/00,23.93,6' 8.5'',7' 2.00'',212,10,9' 0.00'',30.50,35.0,10.99,3.04,3.26,62,60.86,57,60,58,61,70,67,53,35,35,32.5,18.6,3.6,9.4,12.9,1.6,0.8,1.7,2.5,2.8,6.7,11.4,0.584,6.1,9.9,0.617,0.6,1.5,0.370,4.7,6.5,0.728,0.793,20.6,4.0,10.4,14.3,1.8,0.9,1.9,2.8,3.1,7.4,11.0,1.7,7.2,https://www.sports-reference.com/cbb/players/enrique-freeman-1.html,
61,"James, Bronny",SG,USC,10/6/04,19.75,"6'2.75""","6'7.25""",210,"9.5""","8'2.5""",32.00,40.5,10.96,3.02,3.09,63,61.14,55,72,55,68,58,67,53,25,6,19.3,4.8,0.3,2.6,2.8,2.1,0.8,0.2,1.1,1.7,1.6,4.5,0.366,1.0,2.1,0.481,0.6,2.4,0.267,0.9,1.4,0.676,0.500,9.0,0.6,4.8,5.2,3.9,1.5,0.4,2.1,3.2,3.0,3.9,4.5,2.6,https://www.sports-reference.com/cbb/players/bronny-james-1.html,
62,"Hukporti, Ariel",C,Australia,4/12/02,22.23,"7'0""","7'2.5""",246,"10.25""","9'3""",,,,,,64,61.43,63,59,64,64,70,57,53,28,,18.4,8.4,2.4,4.6,7.0,0.7,0.6,1.5,1.7,2.9,3.2,5.4,0.596,3.2,5.4,0.596,0.0,0.0,0.000,2.0,3.2,0.618,0.740,16.4,4.7,9.0,13.7,1.4,1.2,2.9,3.3,5.7,6.3,10.6,0.0,6.3,https://www.basketball-reference.com/international/players/ariel-hukporti-1.html,
63,"Jones, Isaac",C,Washington State,7/11/00,23.98,"6'9""","7'3""",235,"10.25""","9'0""",29.00,35.0,11.49,3.00,3.38,65,62.57,59,69,57,63,70,67,53,35,34,31.7,15.3,2.3,5.3,7.6,1.5,0.5,1.1,1.9,2.0,5.7,9.9,0.575,5.7,9.5,0.596,0.0,0.4,0.071,3.9,5.5,0.712,0.749,17.4,2.6,6.0,8.6,1.7,0.6,1.2,2.2,2.3,6.5,10.8,0.5,6.2,https://www.sports-reference.com/cbb/players/isaac-jones-3.html,
64,"Beekman, Reece",PG,Virginia,10/8/01,22.74,"6'2.5""","6'6.5""",196,"9""","8'4""",30.00,36.5,10.86,3.08,2.94,66,63.29,70,61,65,65,62,67,53,34,34,32.8,14.3,0.4,3.3,3.6,6.2,2.0,0.5,2.1,1.3,5.3,11.9,0.443,4.4,9.0,0.487,0.9,2.9,0.310,2.8,3.7,0.754,0.585,15.7,0.4,3.6,4.0,6.8,2.2,0.5,2.3,1.4,5.8,9.9,3.2,4.1,https://www.sports-reference.com/cbb/players/reece-beekman-1.html,
65,"Dante, N'Faly",C,Oregon,10/19/01,22.71,"6'11.25""","7'6""",260,"10""","9'3""",27.00,33.0,11.55,3.04,3.23,67,64.14,68,63,62,66,70,67,53,22,21,31.5,17.0,2.8,6.4,9.2,1.6,1.7,1.9,2.4,2.1,7.0,10.0,0.695,7.0,10.0,0.695,0.0,0.0,0.000,3.1,5.0,0.613,0.828,19.4,3.2,7.3,10.5,1.8,1.9,2.2,2.7,2.4,8.0,11.4,0.0,5.7,https://www.sports-reference.com/cbb/players/nfaly-dante-1.html,
66,"Pullin, Zyon",PG,Florida,3/3/01,23.34,"6'4""","6'6""",210,,,,,,,,68,66.57,82,62,72,77,53,67,53,33,27,33.5,15.5,0.7,3.2,3.9,4.9,0.9,0.1,1.3,2.0,4.8,10.8,0.444,3.7,8.4,0.442,1.1,2.4,0.449,4.9,5.8,0.847,0.694,16.7,0.8,3.4,4.2,5.3,1.0,0.1,1.4,2.1,5.2,9.0,2.6,6.2,https://www.sports-reference.com/cbb/players/zyon-pullin-1.html,
67,"Mintz, Judah",PG,Syracuse,7/10/03,20.99,"6'4""","6'4""",176,,,,,,,,69,67.14,81,74,67,67,61,67,53,32,31,33.9,18.8,0.5,2.8,3.2,4.4,2.1,0.1,2.9,2.2,5.9,13.4,0.438,5.1,10.8,0.477,0.8,2.7,0.282,6.3,8.3,0.765,0.684,20.0,0.5,3.0,3.4,4.7,2.2,0.1,3.1,2.3,6.3,11.5,2.9,8.8,https://www.sports-reference.com/cbb/players/judah-mintz-1.html,
68,"Rubstavicius, Mantas",SF,Australia,5/6/02,22.16,"6'7""","6'7""",190,,,,,,,,70,67.43,64,66,83,69,70,67,53,23,,19.8,9.5,0.7,1.5,2.1,1.1,0.8,0.1,1.0,2.5,3.2,6.0,0.525,1.9,3.1,0.611,1.3,2.9,0.433,1.9,2.3,0.811,0.747,17.3,1.3,2.7,3.8,2.0,1.5,0.2,1.8,4.5,5.8,5.6,5.3,4.2,https://www.basketball-reference.com/international/players/mantas-rubstavicius-1.html,
69,"Hinson, Blake",SF,Pittsburgh,12/26/99,24.53,"6'7""","6'10""",230,,,,,,,,71,68.43,73,71,68,77,70,67,53,33,33,33.6,18.5,0.9,3.5,4.4,0.8,0.5,0.2,1.3,2.2,6.1,13.4,0.454,2.8,5.5,0.500,3.3,7.9,0.421,2.9,4.4,0.669,0.675,19.8,1.0,3.8,4.7,0.9,0.5,0.2,1.4,2.4,6.5,5.9,8.5,4.7,https://www.sports-reference.com/cbb/players/blake-hinson-1.html,
70,"Traore, Armel",PF,France,1/23/03,21.45,"6'9""","7'3""",210,,,,,,,,72,68.43,65,76,71,77,70,67,53,33,,25.5,10.8,2.4,5.0,7.3,1.5,0.6,0.3,1.7,2.3,4.2,7.7,0.541,3.7,5.9,0.629,0.5,1.8,0.262,1.9,3.0,0.646,0.676,15.2,3.4,7.1,10.3,2.1,0.8,0.4,2.4,3.2,5.9,8.3,2.5,4.2,https://www.basketball-reference.com/international/players/armel-traore-1.html,
71,"Edwards, Jesse",C,West Virginia,3/18/00,24.30,7' 0.75'',7' 5.00'',236,10,9' 3.00'',30.50,35.5,11.24,3.23,3.33,73,68.57,69,70,74,77,70,67,53,23,22,28.2,15.0,3.2,4.9,8.0,1.2,0.6,1.7,1.9,3.0,5.8,9.4,0.613,5.8,9.3,0.624,0.0,0.2,0.000,3.5,6.7,0.523,0.779,19.1,4.1,6.3,10.2,1.5,0.8,2.2,2.4,3.8,7.4,11.9,0.3,8.6,https://www.sports-reference.com/cbb/players/jesse-edwards-1.html,
72,"Watson, Anton",PF,Gonzaga,10/6/00,23.75,"6'8""","7'0""",241,,,,,,,,74,69.86,75,64,83,77,70,67,53,35,35,31.3,14.5,2.2,4.9,7.1,2.6,1.5,0.7,1.4,2.3,5.8,10.0,0.578,5.2,8.6,0.607,0.6,1.5,0.412,2.3,3.5,0.653,0.705,16.7,2.5,5.6,8.2,3.0,1.7,0.8,1.6,2.6,6.7,9.9,1.7,4.0,https://www.sports-reference.com/cbb/players/anton-watson-1.html,
73,"Minix, Riley",SF,Morehead State,1/1/00,24.51,"6'8""","6'10""",227,,,,,,,,75,69.86,71,68,83,77,70,67,53,35,35,33.8,20.9,3.0,6.6,9.7,2.2,1.3,1.0,2.3,2.3,7.8,14.4,0.541,6.1,9.5,0.638,1.7,4.8,0.349,3.7,4.4,0.839,0.708,22.3,3.2,7.0,10.3,2.3,1.4,1.1,2.4,2.4,8.3,10.1,5.1,4.7,https://www.sports-reference.com/cbb/players/riley-minix-1.html,
74,"Jones, Spencer",SF,Stanford,6/14/01,23.06,"6'7""",,225,,,,,,,,76,71.43,72,78,83,77,70,67,53,25,24,29.1,11.7,1.2,2.9,4.1,2.0,1.4,0.8,1.3,2.4,4.0,9.0,0.438,1.8,3.8,0.479,2.2,5.3,0.409,1.6,2.5,0.645,0.630,14.5,1.5,3.6,5.1,2.5,1.7,1.0,1.6,3.0,4.9,4.7,6.6,3.1,https://www.sports-reference.com/cbb/players/spencer-jones-1.html,
75,"Williams, Jaylin",PF,Auburn,7/26/00,23.94,"6'8""","7'0""",230,,,,,,,,77,71.71,84,81,70,77,70,67,53,34,33,24.1,12.4,1.1,3.4,4.4,1.9,0.7,0.7,1.1,1.8,4.5,7.8,0.574,3.5,5.3,0.659,1.0,2.5,0.395,2.5,3.0,0.832,0.759,18.5,1.6,5.1,6.6,2.8,1.0,1.0,1.6,2.7,6.7,7.9,3.7,4.5,https://www.sports-reference.com/cbb/players/jaylin-williams-1.html,
76,"Stevens, Isaiah",PG,Colorado State,11/1/00,23.68,"6'0""","6'4""",180,,,,,,,,78,71.86,86,67,83,77,70,67,53,36,36,34.8,16.0,0.5,2.7,3.2,6.8,1.2,0.2,2.4,1.4,5.8,12.3,0.474,4.0,8.1,0.491,1.8,4.2,0.440,2.6,3.1,0.836,0.632,16.6,0.5,2.8,3.3,7.0,1.2,0.2,2.5,1.4,6.0,8.4,4.3,3.2,https://www.sports-reference.com/cbb/players/isaiah-stevens-1.html,
77,"Ellis, Boogie",PG,USC,12/12/00,23.56,6' 2'',6' 7.00'',185,10,8' 2.00'',31.50,39.5,11.98,3.33,3.19,79,72.14,78,77,83,77,70,67,53,29,29,33.5,16.5,0.3,3.2,3.5,3.0,1.4,0.1,1.8,1.9,5.6,13.1,0.427,2.6,5.9,0.439,3.0,7.2,0.418,2.3,3.2,0.720,0.615,17.7,0.3,3.4,3.8,3.2,1.5,0.1,1.9,2.0,6.0,6.3,7.7,3.4,https://www.sports-reference.com/cbb/players/boogie-ellis-1.html,
78,"Miller, Emanuel",PG,TCU,6/19/00,24.04,"6'7""","6'9""",208,,,,,,,,80,72.86,80,80,83,77,70,67,53,34,34,32.6,15.8,2.2,3.9,6.1,2.6,1.1,0.4,1.5,1.6,5.6,11.4,0.486,4.6,9.1,0.513,0.9,2.4,0.383,3.8,4.6,0.815,0.672,17.4,2.4,4.3,6.7,2.9,1.2,0.4,1.7,1.8,6.2,10.0,2.7,5.1,https://www.sports-reference.com/cbb/players/emanuel-miller-1.html,
79,"Jones, David",SF,Memphis,11/24/01,22.61,"6'4.75""","6'6.75""",211,"9.5""","8'4""",28.00,34.5,11.08,3.30,3.20,81,73.14,79,83,83,77,70,67,53,32,32,32.3,21.8,2.6,5.1,7.6,1.8,2.2,0.4,3.0,2.0,7.0,15.2,0.459,4.5,8.7,0.518,2.5,6.5,0.380,5.4,6.8,0.797,0.701,24.3,2.9,5.7,8.5,2.0,2.5,0.4,3.3,2.2,7.8,9.7,7.2,7.6,https://www.sports-reference.com/cbb/players/david-jones-10.html,
80,"Disu, Dylan",PF,Texas,11/12/00,23.65,"6'9""",,225,,,,,,,,82,73.14,74,88,83,77,70,67,53,25,20,25.8,15.5,1.0,4.0,5.0,1.5,1.3,1.1,1.6,3.4,5.6,12.0,0.465,3.9,8.3,0.471,1.6,3.6,0.451,2.8,3.4,0.812,0.627,21.6,1.4,5.6,7.0,2.1,1.8,1.5,2.2,4.7,7.8,11.6,5.0,4.7,https://www.sports-reference.com/cbb/players/dylan-disu-1.html,
81,"Ellis, Quinn",PG,Italy,4/1/03,21.26,"6'4""",,194,,,,,,,,83,73.29,76,87,83,77,70,67,53,22,,21.7,6.3,0.7,2.1,2.9,2.8,0.9,0.2,1.8,2.5,2.1,5.9,0.354,1.3,3.1,0.406,0.8,2.8,0.295,1.3,2.0,0.659,0.509,10.5,1.2,3.5,4.8,4.6,1.5,0.3,3.0,4.1,3.5,5.1,4.6,3.3,https://www.basketball-reference.com/international/players/quinn-ellis-1.html,
82,"Domask, Marcus",PG,Illinois,6/9/00,24.07,"6'6""","6'7""",215,,,,,,,,84,73.71,83,93,73,77,70,67,53,38,38,34.5,15.9,1.1,3.9,5.0,3.9,0.4,0.3,2.3,1.3,5.7,12.6,0.453,4.6,8.9,0.516,1.1,3.6,0.297,3.4,3.9,0.872,0.612,16.6,1.1,4.1,5.2,4.1,0.4,0.3,2.4,1.4,5.9,9.3,3.8,4.1,https://www.sports-reference.com/cbb/players/marcus-domask-1.html,
83,"LeDee, Jaedon",SF,San Diego State,7/25/99,24.94,"6'9""","6'11""",240,,,,,,,,85,74.86,88,86,83,77,70,67,53,36,36,32.6,21.4,3.4,5.0,8.4,1.3,1.2,0.5,2.4,2.4,7.3,13.1,0.560,6.8,11.8,0.572,0.6,1.3,0.444,6.3,8.6,0.734,0.797,23.6,3.8,5.5,9.3,1.4,1.3,0.6,2.7,2.7,8.1,13.0,1.4,9.5,https://www.sports-reference.com/cbb/players/jaedon-ledee-1.html,
84,"Kraag, Yannick",SF,Spain,10/16/02,21.72,"6'8""",,190,,,,,,,,86,75.00,96,79,83,77,70,67,53,32,,15.8,4.6,1.1,2.2,3.2,0.4,0.6,0.2,0.5,1.7,1.7,3.7,0.466,1.2,2.1,0.559,0.5,1.6,0.340,0.7,1.1,0.600,0.580,10.5,2.5,5.0,7.3,0.9,1.4,0.5,1.1,3.9,3.9,4.8,3.6,2.5,https://www.basketball-reference.com/international/players/yannick-kraag-1.html,
85,"Carlson, Branden",C,Utah,6/14/99,25.06,"7'0""","7'1""",220,,,,,,,,87,75.14,91,85,83,77,70,67,53,36,36,29.6,17.0,1.5,5.1,6.6,1.6,0.4,1.5,1.5,1.9,6.4,12.9,0.501,4.7,8.2,0.571,1.8,4.7,0.379,2.4,3.3,0.714,0.643,20.7,1.8,6.2,8.0,1.9,0.5,1.8,1.8,2.3,7.8,10.0,5.7,4.0,https://www.sports-reference.com/cbb/players/branden-carlson-1.html,
86,"Leons, Malevy",PF,Bradley,9/23/99,24.78,"6'9""","7'1""",201,,,,,,,,88,75.43,94,84,83,77,70,67,53,35,35,34.4,13.8,2.4,4.7,7.1,1.3,1.5,1.5,1.7,2.8,4.5,9.2,0.488,3.3,5.6,0.582,1.2,3.6,0.341,3.6,4.6,0.783,0.723,14.4,2.5,4.9,7.4,1.4,1.6,1.6,1.8,2.9,4.7,5.9,3.8,4.8,https://www.sports-reference.com/cbb/players/malevy-leons-1.html,
87,"Gaines, Eric",PG,UAB,1/19/01,23.46,"6'0""","6'8""",148,,,,,,,,89,76.14,93,90,83,77,70,67,53,35,33,33.7,12.3,0.7,3.2,3.9,5.5,2.3,0.5,2.4,2.1,4.1,10.4,0.393,3.0,6.3,0.475,1.1,4.1,0.269,3.0,4.0,0.750,0.573,13.1,0.7,3.4,4.2,5.9,2.5,0.5,2.6,2.2,4.4,6.7,4.4,4.3,https://www.sports-reference.com/cbb/players/eric-gaines-4.html,
88,"Battle, Jamison",SF,Ohio State,5/10/01,23.15,"6'7""","6'9""",220,,,,,,,,90,76.14,87,96,83,77,70,67,53,35,35,31.4,15.3,1.2,4.0,5.2,1.4,0.4,0.2,1.6,2.0,5.1,10.9,0.469,2.5,4.9,0.512,2.6,6.0,0.433,2.5,2.7,0.926,0.677,17.5,1.4,4.6,6.0,1.6,0.5,0.2,1.8,2.3,5.8,5.6,6.9,3.1,https://www.sports-reference.com/cbb/players/jamison-battle-1.html,
89,"Armstrong, Taran",PG,Australia,1/15/02,22.47,"6'5""","6'6""",190,,,,,,,,91,76.29,109,75,83,77,70,67,53,23,,21.7,7.7,0.6,3.4,4.0,2.7,0.7,0.1,1.5,2.6,2.7,5.8,0.463,2.3,4.3,0.535,0.4,1.5,0.257,1.9,2.7,0.698,0.630,12.8,1.0,5.6,6.6,4.5,1.2,0.2,2.5,4.3,4.5,7.1,2.5,4.5,https://www.basketball-reference.com/international/players/taran-armstrong-1.html,
90,"Tomlin, NaeQwon",PF,Memphis,1/1/01,23.51,"6' 9.5""",7' 2.50'',205,10,9' 1.00'',27.50,32.5,11.63,3.54,3.43,92,76.57,77,109,83,77,70,67,53,21,11,26.9,14.0,2.3,3.7,6.0,0.7,0.8,1.1,1.0,3.1,5.4,9.0,0.601,4.4,6.4,0.681,1.0,2.5,0.396,2.3,3.0,0.774,0.749,18.7,3.1,5.0,8.0,0.9,1.1,1.5,1.3,4.1,7.2,8.6,3.3,4.0,https://www.sports-reference.com/cbb/players/naeqwan-tomlin-1.html,
91,"James, Josiah-Jordan",SF,Tennessee,9/5/00,23.83,"6'7""","6'11""",213,,,,,,,,93,77.14,92,98,83,77,70,67,53,36,36,29.2,8.4,1.6,4.8,6.4,1.9,1.4,0.6,1.0,2.0,2.8,6.9,0.402,1.6,3.4,0.463,1.2,3.5,0.341,1.6,2.0,0.831,0.578,10.4,2.0,5.9,7.9,2.3,1.7,0.7,1.2,2.5,3.5,4.2,4.3,2.5,https://www.sports-reference.com/cbb/players/josiah-jordan-james-1.html,
92,"Mitchell, Tre",PF,Kentucky,9/24/00,23.78,"6'9""",,225,,,,,,,,94,77.71,85,109,83,77,70,67,53,27,24,30.3,10.7,1.8,5.4,7.2,2.6,0.7,1.0,1.4,2.6,3.8,7.9,0.484,2.9,4.9,0.595,0.9,3.0,0.305,2.1,2.9,0.744,0.650,12.7,2.1,6.4,8.6,3.1,0.8,1.2,1.7,3.1,4.5,5.8,3.6,3.4,https://www.sports-reference.com/cbb/players/tre-mitchell-1.html,
93,"Flanigan, Allen",SG,Mississippi,4/24/01,23.20,"6'6""","6'9""",215,,,,,,,,95,77.86,109,94,75,77,70,67,53,32,29,30.7,14.8,1.2,4.8,6.1,2.8,1.5,0.7,2.3,2.5,5.0,11.5,0.434,4.5,9.8,0.462,0.5,1.7,0.273,4.3,5.3,0.817,0.624,17.4,1.4,5.6,7.2,3.3,1.8,0.8,2.7,2.9,5.9,11.5,2.0,6.2,https://www.sports-reference.com/cbb/players/allen-flanigan-1.html,
94,"Enaruna, Tristan",PF,Cleveland State,6/26/01,23.03,"6'9""","7'1""",216,,,,,,,,96,78.14,98,99,83,77,70,67,53,35,35,33.2,19.6,2.4,4.1,6.5,2.7,1.2,0.9,1.9,1.9,7.2,14.5,0.498,6.4,12.0,0.535,0.8,2.5,0.322,4.4,6.1,0.721,0.661,21.3,2.6,4.4,7.0,2.9,1.3,1.0,2.1,2.1,7.8,13.0,2.7,6.6,https://www.sports-reference.com/cbb/players/tristan-enaruna-1.html,
95,"Estrada, Aaron",PG,Alabama,2/3/01,23.42,"6'3""","6'5""",207,,,,,,,,97,78.29,109,89,83,77,70,67,53,37,37,30.9,13.4,1.6,3.8,5.4,4.6,1.6,0.2,2.3,2.0,5.3,11.9,0.449,4.0,7.5,0.527,1.4,4.3,0.313,1.4,1.6,0.847,0.546,15.6,1.9,4.4,6.3,5.4,1.9,0.2,2.7,2.3,6.2,8.7,5.0,1.9,https://www.sports-reference.com/cbb/players/aaron-estrada-1.html,
96,"Sane, Babacar",SF,G-League Ignite,9/13/03,20.81,"6'7""",,240,,,,,,,,98,78.29,89,109,83,77,70,67,53,23,8,22.5,11.0,1.5,4.4,5.8,0.5,0.5,0.5,1.7,3.2,3.8,8.4,0.454,3.4,6.6,0.511,0.5,1.9,0.256,1.6,2.4,0.685,0.628,17.5,2.4,7.0,9.3,0.8,0.8,0.8,2.7,5.1,6.1,10.5,3.0,3.8,https://basketball.realgm.com/player/Babacar-Sane/Summary/153120,
97,"Ducas, Alex",SG,Saint Mary's,12/11/00,23.57,"6'7""",,220,,,,,,,,99,78.43,90,109,83,77,70,67,53,34,34,28.1,9.9,0.9,4.7,5.6,1.9,0.7,0.2,1.0,1.3,3.4,7.5,0.453,1.0,2.0,0.493,2.4,5.4,0.438,0.7,0.9,0.774,0.631,12.7,1.2,6.0,7.2,2.4,0.9,0.3,1.3,1.7,4.4,2.6,6.9,1.2,https://www.sports-reference.com/cbb/players/alex-ducas-1.html,
98,"Brooks, Keion",SF,Washington State,8/7/00,23.91,"6'7""","6'10""",205,,,,,,,,100,78.57,109,91,83,77,70,67,53,32,32,35.0,21.1,1.5,5.4,6.8,1.4,0.7,0.8,1.9,2.3,7.1,14.6,0.487,5.5,10.3,0.532,1.6,4.3,0.380,5.2,6.5,0.794,0.706,21.7,1.5,5.6,7.0,1.4,0.7,0.8,2.0,2.4,7.3,10.6,4.4,6.7,https://www.sports-reference.com/cbb/players/keion-brooksjr-1.html,
99,"Warren, Bryson",PG,G-League,10/14/04,19.73,"6'2""","6'6""",174,,,,,,,,101,78.71,109,92,83,77,70,67,53,17,2,19.6,7.8,0.2,1.4,1.6,1.9,0.8,0.3,1.0,0.9,2.8,7.4,0.381,1.3,2.4,0.535,1.5,5.0,0.306,0.4,0.5,0.778,0.504,14.4,0.4,2.5,2.9,3.6,1.5,0.5,1.8,1.7,5.2,4.4,9.2,1.0,https://basketball.realgm.com/player/Bryson-Warren/Summary/162128,
100,"Bannan, Josh",SF,Australia,2/26/01,23.36,"6'8""",,220,,,,,,,,102,79.14,109,95,83,77,70,67,53,19,,29.0,11.9,2.3,4.9,7.2,1.5,0.4,0.2,1.3,2.2,4.7,10.5,0.450,4.2,8.8,0.473,0.6,1.7,0.333,1.9,2.5,0.750,0.549,14.8,2.9,6.1,8.9,1.9,0.5,0.2,1.6,2.7,5.8,10.9,2.1,3.1,https://www.basketball-reference.com/international/players/josh-bannan-1.html,
101,"Cousnard, Jermaine",SG,Oregon,11/25/98,25.61,"6'4""",,205,,,,,,,,103,79.14,95,109,83,77,70,67,53,36,36,32.9,16.6,1.1,3.4,4.6,3.3,1.6,0.2,1.7,2.2,5.5,13.8,0.400,3.5,8.0,0.439,2.0,5.9,0.346,3.5,4.6,0.754,0.587,18.2,1.2,3.7,5.0,3.6,1.8,0.2,1.9,2.4,6.0,8.8,6.5,5.0,https://www.sports-reference.com/cbb/players/jermaine-couisnard-1.html,
102,"Almansa, Izan",C,G-League Ignite,6/7/05,19.08,"6'10.5""","7'1""",220,"9.25""","9'2""",28.00,35.0,10.94,2.96,3.11,104,79.29,109,109,83,77,70,54,53,48,46,27.3,10.5,2.7,4.4,7.1,1.4,0.8,0.7,0.9,1.7,4.2,7.6,0.549,4.0,6.9,0.585,0.2,0.7,0.206,1.1,2.1,0.545,0.673,13.9,3.5,5.9,9.3,1.8,1.0,0.9,1.2,2.2,5.5,9.1,0.9,2.7,https://basketball.realgm.com/player/Izan-Almansa/Summary/136317,
103,"Strazel, Matthew",PG,France,8/5/02,21.92,"6'0""",,178,,,,,,,,105,79.43,109,97,83,77,70,67,53,32,,25.4,10.4,0.2,1.7,1.8,3.7,0.7,0.1,2.2,2.5,3.6,7.7,0.466,2.0,3.4,0.573,1.6,4.3,0.380,1.6,2.1,0.746,0.648,14.7,0.3,2.4,2.6,5.2,1.0,0.1,3.1,3.5,5.1,4.8,6.1,3.0,https://www.basketball-reference.com/international/players/matthew-strazel-1.html,
104,"Nkamhoua, Olivier",PF,Michigan,5/2/00,24.18,"6'9""",,229,,,,,,,,106,79.43,97,109,83,77,70,67,53,26,26,33.4,14.8,1.9,5.2,7.1,2.7,0.6,0.8,2.8,2.4,5.9,11.6,0.512,4.9,8.5,0.577,1.0,3.1,0.333,1.9,2.8,0.671,0.622,16.0,2.0,5.6,7.7,2.9,0.6,0.9,3.0,2.6,6.4,9.2,3.3,3.0,https://www.sports-reference.com/cbb/players/olivier-nkamhoua-1.html,
105,"Battle, RaeQuan",SG,West Virginia,2/19/01,23.38,"6'4""",,183,,,,,,,,107,79.71,99,109,83,77,70,67,53,22,22,28.0,16.1,0.6,3.4,4.0,0.7,1.0,0.6,2.0,2.6,5.2,12.8,0.408,3.5,7.6,0.455,1.8,5.2,0.339,3.9,4.7,0.835,0.611,20.7,0.8,4.4,5.1,0.9,1.3,0.8,2.6,3.3,6.7,9.8,6.7,6.0,https://www.sports-reference.com/cbb/players/raequan-battle-1.html,
106,"Armstrong, Mark",PG,Villanova,2/21/04,20.37,"6'1""","6'4""",180,,,,,,,,108,79.86,109,100,83,77,70,67,53,34,32,24.5,8.4,0.3,2.0,2.3,2.4,0.9,0.2,1.7,1.8,3.2,7.6,0.417,2.5,5.1,0.483,0.7,2.5,0.282,1.3,1.7,0.776,0.529,12.3,0.4,2.9,3.4,3.5,1.3,0.3,2.5,2.6,4.7,7.5,3.7,2.5,https://www.sports-reference.com/cbb/players/mark-armstrong-2.html,
107,"Pember, Drew",PF,UNC Asheville,6/14/00,24.06,"6'10""",,209,,,,,,,,109,79.86,100,109,83,77,70,67,53,33,31,30.5,20.6,1.4,6.8,8.2,3.5,1.0,1.9,2.7,1.9,5.8,12.6,0.464,3.8,7.1,0.541,2.0,5.5,0.366,6.9,8.2,0.844,0.794,24.3,1.7,8.0,9.7,4.1,1.2,2.2,3.2,2.2,6.8,8.4,6.5,9.7,https://www.sports-reference.com/cbb/players/drew-pember-1.html,
,,,,,,,,,,,,,,,,,,,,,,,,,,,,,,,,,,,,,,,,,,,,,,,,,,,,,,,,,,,,,,,,
,,,,,,,,,,,,,,,,,,,,,,,,,,,,,,,,,,,,,,,,,,,,,,,,,,,,,,,,,,,,,,,,
,,,,,,,,,,,,,,,,,,,,,,,,,,,,,,,,,,,,,,,,,,,,,,,,,,,,,,,,,,,,,,,,
,111,"Clifford, Nique",SF,Colorado State,2/9/02,22.41,"6'6.25""","6'8""",199,"9""","8'6""",30.00,37.0,10.95,3.10,3.08,69,#DIV/0!,,,,,,,,36,36,30.3,12.2,1.1,6.6,7.6,3.0,1.4,0.9,1.8,2.8,4.6,8.9,0.522,3.5,5.9,0.597,1.1,3.0,0.376,1.8,2.3,0.759,0.661,14.5,1.3,7.8,9.0,3.6,1.7,1.1,2.1,3.3,5.5,7.0,3.6,2.7,https://www.sports-reference.com/cbb/players/nique-clifford-1.html
,112,"Karaban, Alex",PF,UConn,11/11/02,21.65,"6'7.75""","6'11""",219,"9.25""","8'10.5""",22.50,32.0,11.23,,3.20,33,#DIV/0!,,,,,,,,39,39,31.4,13.3,1.4,3.6,5.1,1.5,0.9,0.8,0.8,1.7,4.9,9.9,0.495,2.8,4.4,0.640,2.1,5.5,0.379,1.4,1.6,0.885,0.646,15.2,1.6,4.1,5.8,1.7,1.0,0.9,0.9,1.9,5.6,5.0,6.3,1.8,https://www.sports-reference.com/cbb/players/alex-karaban-1.html
,113,"Sallis, Hunter",SG,Wake Forest,3/26/03,21.28,"6'4.75""","6'9.75""",179,"9.5""","8'4.5""",29.50,36.0,10.82,3.16,3.11,38,#DIV/0!,,,,,,,,34,34,35.4,18.0,0.6,3.4,4.1,2.5,1.1,0.6,1.9,1.8,6.6,13.5,0.487,4.4,8.1,0.542,2.2,5.4,0.405,2.6,3.4,0.783,0.650,18.3,0.6,3.5,4.2,2.5,1.1,0.6,1.9,1.8,6.7,8.2,5.5,3.5,https://www.sports-reference.com/cbb/players/hunter-sallis-1.html
,114,"Watkins, Jamir",SF,Florida State,7/6/01,23.00,"6'6.25""",6'10.75,212,"9.5""","8'8""",30.50,35.5,10.64,3.16,3.01,64,#DIV/0!,,,,,,,,33,33,28.1,15.6,1.5,4.5,6.0,2.8,1.9,0.8,2.5,2.8,4.8,10.5,0.457,3.8,7.6,0.500,1.0,2.9,0.344,4.9,6.2,0.795,0.719,20.0,1.9,5.8,7.7,3.6,2.4,1.0,3.2,3.6,6.1,9.7,3.7,7.9,https://www.sports-reference.com/cbb/players/jamir-watkins-1.html
,115,"Sears, Mark",PG,Alabama,2/19/02,22.38,"5'11.5""","6'2""",192,"8.5""","7'8""",32.00,39.0,11.96,3.26,3.33,61,#DIV/0!,,,,,,,,37,37,33.6,21.5,0.9,3.3,4.2,4.0,1.6,0.1,2.4,2.0,6.8,13.4,0.508,4.2,7.5,0.565,2.6,5.9,0.436,5.4,6.2,0.857,0.780,23.0,1.0,3.5,4.5,4.3,1.7,0.1,2.6,2.1,7.3,8.0,6.3,6.6,https://www.sports-reference.com/cbb/players/mark-sears-1.html
,116,"Sandfort, Payton",SF,Iowa,7/12/02,21.98,"6'7.5""","6'8""",212,"9""","8'8""",22.00,28.0,11.57,2.84,3.43,44,#DIV/0!,,,,,,,,34,34,30.5,16.4,1.2,5.4,6.6,2.7,0.7,0.4,1.3,2.5,5.3,11.9,0.446,2.5,4.6,0.551,2.8,7.3,0.379,3.0,3.3,0.911,0.667,19.4,1.4,6.4,7.8,3.2,0.8,0.5,1.5,3.0,6.3,5.4,8.6,3.9,https://www.sports-reference.com/cbb/players/payton-sandfort-1.html
,117,"Lee, Xaivian",PG,Princeton,3/12/04,20.31,"6'3""",,171,,,,,,,,84,#DIV/0!,,,,,,,,29,29,31.2,17.1,0.7,5.1,5.7,3.7,1.0,0.5,1.4,2.1,5.9,13.0,0.451,4.1,7.7,0.529,1.8,5.3,0.338,3.6,4.4,0.798,0.640,19.7,0.8,5.9,6.6,4.3,1.2,0.6,1.6,2.4,6.8,8.9,6.1,5.1,https://www.sports-reference.com/cbb/players/xaivian-lee-1.html
,118,"Brazile, Trevon",PF,Arkansas,1/7/03,21.49,"6'10.5""","7'3.75""",215,"10.25""","9'0.5""",33.00,41.0,11.15,3.01,3.09,68,#DIV/0!,,,,,,,,26,23,25.7,8.6,1.7,4.2,5.9,0.5,0.7,1.2,1.5,2.3,3.0,6.2,0.488,2.1,3.6,0.585,0.9,2.6,0.353,1.6,2.3,0.695,0.661,12.0,2.4,5.9,8.3,0.7,1.0,1.7,2.1,3.2,4.2,5.0,3.6,3.2,https://www.sports-reference.com/cbb/players/trevon-brazile-1.html
,119,"Wagner, DJ",PG,Kentucky,5/4/05,19.17,"6'3""","6'5""",175,,,,,,,,110,#DIV/0!,,,,,,,,29,28,25.8,9.9,0.2,1.7,1.9,3.3,0.8,0.2,1.5,1.6,3.6,8.9,0.405,2.7,5.6,0.472,1.0,3.3,0.292,1.7,2.2,0.766,0.536,13.8,0.3,2.4,2.7,4.6,1.1,0.3,2.1,2.2,5.0,7.8,4.6,3.1,https://www.sports-reference.com/cbb/players/dj-wagner-1.html
,120,"Hawkins, Coleman",PF,Illinois,10/10/01,22.74,"6'9.75""","7'0""",215,"8.75""","8'11""",24.00,29.5,12.05,3.21,3.30,73,#DIV/0!,,,,,,,,35,35,31.6,12.1,1.4,4.7,6.1,2.7,1.5,1.1,1.6,2.6,4.1,9.1,0.451,2.4,4.5,0.535,1.7,4.6,0.369,2.2,2.7,0.792,0.640,13.8,1.6,5.4,6.9,3.1,1.7,1.3,1.8,3.0,4.7,5.1,5.2,3.1,https://www.sports-reference.com/cbb/players/coleman-hawkins-1.html
,121,"Miller, Baba",PF,Florida,2/7/04,20.41,"6'11""","7'2""",204,,,,,,,,80,#DIV/0!,,,,,,,,33,32,24.8,7.6,1.2,3.7,4.9,1.4,0.9,1.1,1.5,3.1,2.8,6.2,0.449,2.1,3.7,0.553,0.7,2.5,0.293,1.3,2.4,0.557,0.590,11.0,1.7,5.4,7.1,2.0,1.3,1.6,2.2,4.5,4.1,5.4,3.6,3.5,https://www.sports-reference.com/cbb/players/baba-miller-1.html
,122,"Darlan, Thierry",SF,G-League Ignite,2/3/04,20.42,"6'6""","7'1""",189,,,,,,,,114,#DIV/0!,,,,,,,,45,11,19.1,5.4,0.7,3.0,3.7,0.8,0.6,0.3,1.5,1.6,1.6,4.4,0.372,1.1,2.3,0.471,0.6,2.1,0.263,1.0,1.3,0.754,0.578,10.2,1.3,5.6,6.9,1.5,1.1,0.6,2.8,3.0,3.1,4.2,4.0,2.4,https://basketball.realgm.com/player/Thierry-Darlan/Summary/185256
,123,"Robinson, Jaxson",SG,BYU,12/3/02,21.59,"6'6""","6'11.25""",189,"9.5""","8'7""",29.50,34.0,11.39,3.06,3.17,66,#DIV/0!,,,,,,,,33,6,26.4,14.2,0.4,2.1,2.5,1.3,0.7,0.4,1.5,1.8,5.0,11.7,0.426,2.5,4.7,0.532,2.5,6.9,0.354,1.8,2.0,0.908,0.587,19.4,0.5,2.9,3.4,1.8,1.0,0.5,2.0,2.5,6.8,6.4,9.4,2.7,https://www.sports-reference.com/cbb/players/jaxson-robinson-1.html
,124,"Kalkbrenner, Ryan",C,Creighton,1/17/02,22.47,"7'2""",,252,,,,,,,,88,#DIV/0!,,,,,,,,35,35,34.7,17.3,2.5,5.1,7.6,1.3,0.4,3.1,1.5,1.9,6.9,10.7,0.646,6.4,9.1,0.705,0.5,1.5,0.296,3.0,4.3,0.711,0.785,17.9,2.6,5.3,7.9,1.3,0.4,3.2,1.6,2.0,7.2,9.4,1.6,4.5,https://www.sports-reference.com/cbb/players/ryan-kalkbrenner-1.html
,125,"Love, Caleb",SG,Arizona,9/27/01,22.77,"6'4""",,195,,,,,,,,96,#DIV/0!,,,,,,,,36,36,32.3,18.0,0.7,4.1,4.8,3.4,1.2,0.3,2.1,1.1,6.1,14.7,0.413,3.5,7.0,0.502,2.6,7.7,0.332,3.3,4.0,0.839,0.597,20.1,0.8,4.6,5.3,3.8,1.3,0.3,2.3,1.2,6.8,7.8,8.6,4.5,https://www.sports-reference.com/cbb/players/caleb-love-1.html
,126,"Toppin, JT",PF,New Mexico,6/14/05,19.06,"6'8.25""","7'0.5""",221,"9.25""","8'10""",28.50,34.0,11.12,3.01,3.27,85,#DIV/0!,,,,,,,,36,35,26.6,12.4,3.7,5.4,9.1,0.6,1.1,1.9,0.9,2.6,5.4,8.6,0.623,5.1,7.7,0.655,0.3,0.9,0.344,1.3,2.4,0.565,0.701,16.8,5.0,7.3,12.3,0.8,1.5,2.6,1.2,3.5,7.3,10.4,1.2,3.2,https://www.sports-reference.com/cbb/players/jt-toppin-1.html
,127,"Grant-Foster, Tyon",SF,Grand Canyon,3/5/00,24.33,"6'7""","6'11.75""",215,"9.25""","8'8""",,,,,,71,#DIV/0!,,,,,,,,34,34,33.5,20.1,1.3,4.8,6.1,1.6,1.7,1.5,2.5,2.3,6.2,14.0,0.446,4.8,9.5,0.500,1.5,4.4,0.331,6.2,8.3,0.745,0.701,21.6,1.4,5.2,6.6,1.7,1.8,1.6,2.7,2.5,6.7,10.2,4.7,8.9,https://www.sports-reference.com/cbb/players/tyon-grant-foster-1.html
,128,"Evans, Kwame",PF,Oregon,8/2/04,19.93,"6'9""","7'0""",200,,,,,,,,82,#DIV/0!,,,,,,,,36,29,22.5,7.3,1.4,3.5,4.9,1.1,1.2,1.0,0.8,2.5,2.5,5.6,0.446,1.9,3.5,0.551,0.6,2.1,0.267,1.7,2.2,0.795,0.613,11.7,2.2,5.6,7.8,1.8,1.9,1.6,1.3,4.0,4.0,5.6,3.4,3.5,https://www.sports-reference.com/cbb/players/kwame-evans-jr-2.html
,129,"Lewis, Malique",PF,G-League,11/10/04,19.65,"6'8""",,205,,,,,,,,83,#DIV/0!,,,,,,,,50,24,25.2,8.3,1.2,4.7,5.8,1.3,0.8,1.0,1.2,2.0,3.2,6.5,0.488,2.1,3.5,0.613,1.0,3.0,0.344,0.6,0.9,0.674,0.614,11.9,1.7,6.7,8.3,1.8,1.2,1.4,1.7,2.9,4.5,4.9,4.3,1.2,https://basketball.realgm.com/player/Malique-Lewis/Summary/189653
,130,"Nelson, Grant",PF,Alabama,3/18/02,22.30,"6'11""",,223,,,,,,,,97,#DIV/0!,,,,,,,,37,37,25.6,11.9,1.6,4.3,5.9,1.5,0.6,1.6,1.4,3.1,3.9,8.0,0.488,3.1,5.0,0.616,0.8,3.0,0.273,3.3,4.1,0.813,0.712,16.7,2.3,6.0,8.3,2.1,0.8,2.3,2.0,4.4,5.5,7.0,4.2,5.8,https://www.sports-reference.com/cbb/players/grant-nelson-1.html
,131,"Johnson, Kobe",SG,USC,1/15/03,21.47,"6'6""",,175,,,,,,,,99,#DIV/0!,,,,,,,,31,28,31.0,10.9,0.5,4.1,4.6,3.3,2.2,0.8,2.1,2.2,4.1,10.1,0.404,2.8,5.9,0.467,1.3,4.1,0.313,1.5,2.0,0.726,0.523,12.7,0.6,4.8,5.3,3.8,2.6,0.9,2.4,2.6,4.8,6.9,4.8,2.3,https://www.sports-reference.com/cbb/players/kobe-johnson-1.html
,132,"Toohey, Alex",SF,Australia,5/5/04,20.17,"6'8""",,212,,,,,,,,101,#DIV/0!,,,,,,,,29,25,21.5,8.0,1.3,2.7,4.0,0.8,0.5,0.5,0.4,1.6,2.8,6.4,0.443,2.2,4.1,0.550,0.6,2.3,0.254,1.7,2.5,0.685,0.596,13.3,2.2,4.5,6.7,1.3,0.8,0.9,0.6,2.7,4.7,6.8,3.9,4.2,https://basketball.realgm.com/player/Alex-Toohey/Summary/177212
,133,"Yang, Hansen",C,China,6/26/05,19.03,"7'1""",,249,,,,,,,,104,#DIV/0!,,,,,,,,53,53,33.6,14.7,2.4,8.5,10.9,3.8,0.7,2.2,3.5,2.7,5.9,10.9,0.548,5.8,10.3,0.567,0.1,0.6,0.219,2.7,4.3,0.624,0.662,15.8,2.6,9.1,11.6,4.1,0.8,2.4,3.8,2.9,6.4,11.0,0.6,4.6,https://basketball.realgm.com/player/Hansen-Yang/Summary/202779
,134,"Poplar, Wooga",SG,Miami,1/5/03,21.50,"6'5""",,195,,,,,,,,108,#DIV/0!,,,,,,,,29,29,31.1,13.1,0.7,4.1,4.8,2.1,0.8,0.3,1.9,2.1,4.6,10.8,0.426,2.4,5.2,0.470,2.1,5.6,0.385,1.8,2.0,0.864,0.586,15.2,0.8,4.7,5.6,2.4,0.9,0.3,2.2,2.4,5.3,6.0,6.5,2.3,https://www.sports-reference.com/cbb/players/wooga-poplar-1.html
,135,"Bal, Adama",PG,Santa Clara,12/18/03,20.55,"6'7""",,190,,,,,,,,109,#DIV/0!,,,,,,,,30,30,31.2,14.4,0.4,2.8,3.2,3.1,0.9,0.2,2.3,2.3,4.6,10.7,0.433,2.9,5.8,0.500,1.7,4.9,0.354,3.4,4.1,0.821,0.651,16.6,0.5,3.2,3.7,3.6,1.0,0.2,2.7,2.7,5.3,6.7,5.7,4.7,https://www.sports-reference.com/cbb/players/adama-bal-1.html
,136,"Murrell, Matthew",SG,Ole Miss,12/19/01,22.54,"6'3""",,201,,,,,,,,89,#DIV/0!,,,,,,,,32,32,32.9,16.2,0.6,3.1,3.6,2.4,1.6,0.3,1.7,2.0,5.6,12.0,0.464,3.1,5.9,0.532,2.4,6.1,0.398,2.7,3.6,0.739,0.657,17.7,0.7,3.4,3.9,2.6,1.8,0.3,1.9,2.2,6.1,6.5,6.7,3.9,https://www.sports-reference.com/cbb/players/matthew-murrell-1.html
,137,"Clayton Jr, Walter",PG,Florida,3/6/03,21.33,"6'2""",,195,,,,,,,,94,#DIV/0!,,,,,,,,36,36,30.9,17.6,0.5,3.1,3.6,2.6,1.1,0.6,2.2,2.4,5.6,13.0,0.432,3.0,5.9,0.512,2.6,7.1,0.365,3.8,4.3,0.877,0.657,20.5,0.6,3.6,4.2,3.0,1.3,0.7,2.6,2.8,6.5,6.9,8.3,5.0,https://www.sports-reference.com/cbb/players/walter-claytonjr-1.html
,138,"Thomas, Saint",SF,Northern Colorado,5/1/03,21.18,"6'7""",,200,,,,,,,,113,#DIV/0!,,,,,,,,32,32,34.8,19.7,1.8,8.0,9.8,4.2,1.7,0.9,3.0,2.6,7.0,14.8,0.472,5.0,8.7,0.572,2.0,6.2,0.330,3.7,4.3,0.868,0.649,20.4,1.9,8.3,10.1,4.3,1.8,0.9,3.1,2.7,7.2,9.0,6.4,4.4,https://www.sports-reference.com/cbb/players/saint-thomas-1.html
,139,"Onyenso, Ugonna",C,Kentucky,9/25/04,19.78,"6'11""",,220,,,,,,,,91,#DIV/0!,,,,,,,,24,14,18.8,3.6,1.8,3.0,4.8,0.2,0.3,2.8,0.7,1.4,1.4,2.5,0.550,1.4,2.5,0.559,0.0,0.0,0.000,0.8,1.4,0.588,0.652,6.9,3.4,5.7,9.2,0.4,0.6,5.4,1.3,2.7,2.7,4.8,0.0,2.7,https://www.sports-reference.com/cbb/players/ugonna-onyenso-1.html
,140,"Perrin, Zacharie",PF,France,8/30/04,19.85,"6'10""",,220,,,,,,,,95,#DIV/0!,,,,,,,,30,,24.2,9.7,1.6,4.9,6.5,1.1,0.7,0.4,1.2,1.8,3.7,6.9,0.538,3.1,5.0,0.616,0.6,1.9,0.333,1.6,2.6,0.628,0.673,14.4,2.4,7.3,9.7,1.6,1.0,0.6,1.8,2.7,5.5,7.5,2.8,3.9,https://basketball.eurobasket.com/player/Zacharie-Perrin/585329
,141,"Ajayi, Michael",SF,Pepperdine,6/23/03,21.03,"6'7""","7'0.75""",228,"9.75""","8'10.5""",27.00,34.5,11.77,3.17,3.21,98,#DIV/0!,,,,,,,,36,36,32.3,18.0,0.7,4.1,4.8,3.4,1.2,0.3,2.1,1.1,6.1,14.7,0.413,3.5,7.0,0.502,2.6,7.7,0.332,3.3,4.0,0.839,0.597,20.1,0.8,4.6,5.3,3.8,1.3,0.3,2.3,1.2,6.8,7.8,8.6,4.5,https://www.sports-reference.com/cbb/players/caleb-love-1.html
,142,"Stevenson, Jarin",PF,Alabama,10/15/05,18.72,"6'10""",,195,,,,,,,,105,#DIV/0!,,,,,,,,37,5,16.6,5.3,0.6,2.1,2.7,0.4,0.2,0.4,0.9,1.7,1.8,4.3,0.418,0.9,1.5,0.596,0.9,2.7,0.317,0.8,1.2,0.689,0.576,11.5,1.3,4.6,5.9,0.9,0.4,0.9,2.0,3.7,3.9,3.3,5.9,2.6,https://www.sports-reference.com/cbb/players/jarin-stevenson-1.html
,143,"Jelavic, Andrija",PF,Serbia,5/26/04,20.11,"6'11""",,224,,,,,,,,111,#DIV/0!,,,,,,,,26,,31.7,10.3,1.5,6.2,7.6,1.7,1.4,0.9,1.7,2.0,4.0,8.6,0.471,3.0,5.0,0.605,1.0,3.6,0.287,1.2,1.7,0.698,0.578,11.7,1.7,7.0,8.6,1.9,1.6,1.0,1.9,2.3,4.5,5.7,4.1,1.9,https://www.basketball-reference.com/international/players/andrija-jelavic-1.html
,144,"Kamardine, Ilias",PG,France,10/1/03,20.76,"6'5""",,180,,,,,,,,112,#DIV/0!,,,,,,,,12,,5.3,0.8,0.0,0.2,0.2,0.3,0.3,0.0,0.6,0.8,0.3,1.3,0.188,0.0,0.1,0.000,0.3,1.3,0.200,0.1,0.2,0.500,0.263,5.4,0.0,1.4,1.4,2.0,2.0,0.0,4.1,5.4,2.0,0.7,8.8,1.4,https://www.basketball-reference.com/international/players/ilias-kamardine-1.html
,145,"Aidoo, Jonas",C,Tennessee,12/10/02,21.57,"6'11""",,234,,,,,,,,113,#DIV/0!,,,,,,,,36,36,24.8,11.4,2.8,4.5,7.3,1.0,0.7,1.8,1.0,2.2,4.8,9.3,0.515,4.7,8.9,0.530,0.1,0.4,0.200,1.7,2.8,0.626,0.595,16.5,4.1,6.5,10.6,1.5,1.0,2.6,1.5,3.2,7.0,12.9,0.6,4.1,https://www.sports-reference.com/cbb/players/jonas-aidoo-1.html
,146,"Proctor, Tyrese",PG,Duke,4/1/01,23.26,"6'5""","6'7""",183,,,,,,,,87,#DIV/0!,,,,,,,,32,25,30.4,10.5,0.1,2.9,3.0,3.7,0.7,0.1,1.3,1.6,3.8,8.9,0.423,1.9,3.7,0.521,1.8,5.2,0.352,1.2,1.5,0.755,0.569,12.4,0.1,3.4,3.6,4.4,0.8,0.1,1.5,1.9,4.5,4.4,6.2,1.8,https://www.sports-reference.com/cbb/players/tyrese-proctor-1.html
,147,"Murray-Boyles, Collin",PF,South Carolina,6/10/05,19.07,"6'7""",,231,,,,,,,,74,#DIV/0!,,,,,,,,28,19,22.8,10.4,2.4,3.3,5.7,1.8,1.0,1.0,1.2,2.4,4.2,7.0,0.597,4.2,6.8,0.613,0.0,0.2,0.000,2.1,3.1,0.667,0.713,16.4,3.8,5.2,9.0,2.8,1.6,1.6,1.9,3.8,6.6,10.7,0.3,4.9,https://www.sports-reference.com/cbb/players/collin-murray-boyles-1.html
,148,"Jones, Kameron",SG,Marquette,2/25/02,22.36,"6'5""",,200,,,,,,,,67,#DIV/0!,,,,,,,,36,36,29.1,17.2,0.4,2.4,2.9,2.4,1.1,0.1,1.4,2.0,6.5,13.0,0.501,3.9,6.5,0.596,2.6,6.5,0.406,1.5,2.1,0.724,0.646,21.3,0.5,3.0,3.6,3.0,1.4,0.1,1.7,2.5,8.0,8.0,8.0,2.6,https://www.sports-reference.com/cbb/players/kam-jones-1.html
,149,"Broome, Johni",PF,Auburn,7/19/02,21.96,"6'9""","7'0""",240,,,,,,,,72,#DIV/0!,,,,,,,,35,34,24.8,16.5,2.5,6.1,8.5,2.2,0.9,2.2,1.6,2.4,6.2,11.4,0.548,5.4,9.1,0.596,0.8,2.3,0.354,3.2,5.2,0.615,0.707,24.0,3.6,8.9,12.3,3.2,1.3,3.2,2.3,3.5,9.0,13.2,3.3,7.5,https://www.sports-reference.com/cbb/players/johni-broome-1.html
,150,"Foster, Caleb",SG,Duke,7/16/04,19.97,"6'5""",,197,,,,,,,,116,#DIV/0!,,,,,,,,27,15,25.4,7.7,0.4,2.0,2.4,2.1,0.6,0.1,1.1,2.0,2.7,6.2,0.437,1.7,3.6,0.459,1.0,2.6,0.406,1.2,1.8,0.688,0.592,10.9,0.6,2.8,3.4,3.0,0.9,0.1,1.6,2.8,3.8,5.1,3.7,2.6,https://www.sports-reference.com/cbb/players/caleb-foster-2.html
,151,"Cadeau, Elliot",PG,North Carolina,9/4/04,19.84,"6'0""","6'2""",175,,,,,,,,94,#DIV/0!,,,,,,,,37,31,23.8,7.3,0.6,1.6,2.2,4.1,0.8,0.1,1.8,2.3,2.7,6.5,0.417,2.5,5.1,0.481,0.3,1.4,0.189,1.6,2.5,0.648,0.538,11.0,0.9,2.4,3.3,6.2,1.2,0.2,2.7,3.5,4.1,7.7,2.1,3.8,https://www.sports-reference.com/cbb/players/elliot-cadeau-1.html
,152,"Mara, Aday",C,Spain,4/7/05,19.24,"7'2""","7'7""",245,,,,,,,,123,#DIV/0!,,,,,,,,28,8,9.6,3.5,0.6,1.4,1.9,0.5,0.1,0.7,0.7,0.9,1.4,3.1,0.442,1.4,3.1,0.442,0.0,0.0,0.000,0.8,1.1,0.700,0.513,13.1,2.3,5.3,7.1,1.9,0.4,2.6,2.6,3.4,5.3,11.6,0.0,4.1,https://www.sports-reference.com/cbb/players/aday-mara-2.html
,153,"Mitchell, Dillon",SF,Texas,10/3/03,20.76,"6'7""","6'10""",193,,,,,,,,66,#DIV/0!,,,,,,,,34,33,29.0,9.6,1.8,5.7,7.5,1.4,1.0,0.9,1.4,1.7,4.1,6.9,0.585,4.1,6.7,0.605,0.0,0.2,0.000,1.5,2.6,0.598,0.670,11.9,2.2,7.1,9.3,1.7,1.2,1.1,1.7,2.1,5.1,8.3,0.2,3.2,https://www.sports-reference.com/cbb/players/dillon-mitchell-1.html
,154,"Lowe, Jaland",PG,Pittsburgh,1/1/05,19.51,"6'3""",,170,,,,,,,,88,#DIV/0!,,,,,,,,33,19,26.6,9.6,0.5,2.2,2.8,3.3,0.8,0.1,1.4,1.2,3.4,8.8,0.388,2.5,6.2,0.404,0.9,2.7,0.352,1.8,2.1,0.855,0.523,13.0,0.7,3.0,3.8,4.5,1.1,0.1,1.9,1.6,4.6,8.4,3.7,2.8,https://www.sports-reference.com/cbb/players/jaland-lowe-2.html
,155,"Booker, Xavier",PF,Michigan State,9/9/04,19.82,"6'11""",,220,,,,,,,,95,#DIV/0!,,,,,,,,27,2,9.2,3.7,0.3,1.4,1.7,0.2,0.1,0.5,0.3,1.1,1.3,3.0,0.439,0.7,1.3,0.588,0.6,1.8,0.333,0.4,0.7,0.632,0.564,14.5,1.2,5.5,6.7,0.8,0.4,2.0,1.2,4.3,5.1,5.1,7.0,2.7,https://www.sports-reference.com/cbb/players/xavier-booker-2.html
,156,"Griffen, Rylan",SG,Alabama,12/19/03,20.54,"6'6""",,190,,,,,,,,96,#DIV/0!,,,,,,,,36,33,26.3,11.2,0.9,2.4,3.4,1.9,0.5,0.3,1.4,2.1,3.7,8.1,0.454,1.6,2.8,0.569,2.1,5.3,0.392,1.8,2.2,0.810,0.662,15.3,1.2,3.3,4.7,2.6,0.7,0.4,1.9,2.9,5.1,3.8,7.3,3.0,https://www.sports-reference.com/cbb/players/rylan-griffen-1.html
,157,"Luis, RJ",SG,St. Johns,1/1/03,21.51,"6'7""",,195,,,,,,,,98,#DIV/0!,,,,,,,,23,10,21.0,10.9,1.3,3.3,4.6,1.0,1.2,0.3,1.3,2.5,4.1,9.7,0.422,3.7,8.0,0.470,0.3,1.7,0.200,2.3,3.1,0.750,0.543,18.7,2.2,5.7,7.9,1.7,2.1,0.5,2.2,4.3,7.0,13.7,2.9,5.3,https://www.sports-reference.com/cbb/players/rj-luis-1.html
,158,"Storr, AJ",SG,Wisconsin,8/26/03,20.86,"6'7""",,205,,,,,,,,80,#DIV/0!,,,,,,,,36,36,28.8,16.8,1.1,2.8,3.9,0.9,0.6,0.1,1.6,1.1,6.0,13.8,0.434,4.7,9.7,0.483,1.3,4.2,0.320,3.5,4.3,0.812,0.593,21.0,1.4,3.5,4.9,1.1,0.8,0.1,2.0,1.4,7.5,12.1,5.3,5.4,https://www.sports-reference.com/cbb/players/aj-storr-1.html
,159,"Carlyle, Kanaan",PG,Stanford,9/25/04,19.78,"6'3""",,185,,,,,,,,99,#DIV/0!,,,,,,,,23,16,25.7,11.5,0.4,2.3,2.7,2.7,0.4,0.6,2.9,1.8,3.6,9.3,0.386,2.2,5.0,0.443,1.4,4.3,0.320,2.9,3.7,0.776,0.596,16.1,0.6,3.2,3.8,3.8,0.6,0.8,4.1,2.5,5.0,7.0,6.0,5.2,https://www.sports-reference.com/cbb/players/kanaan-carlyle-1.html
,160,"Bradshaw, Aaron",C,Kentucky,5/14/04,20.14,"7'0""","7'4""",210,,,,,,,,76,#DIV/0!,,,,,,,,26,10,13.7,4.9,1.3,2.0,3.3,0.3,0.3,0.7,0.3,2.0,1.9,3.3,0.576,1.7,2.7,0.634,0.2,0.5,0.286,1.0,1.7,0.568,0.690,12.9,3.4,5.3,8.7,0.8,0.8,1.8,0.8,5.3,5.0,7.1,1.3,4.5,https://www.sports-reference.com/cbb/players/aaron-bradshaw-1.html
,161,"Ivisic, Zvonimir",PF,Kentucky,8/9/03,20.91,"7'2""",,220,,,,,,,,75,#DIV/0!,,,,,,,,15,0,11.7,5.5,1.1,2.2,3.3,0.6,0.3,1.3,1.0,1.5,2.0,3.5,0.577,1.6,2.4,0.667,0.4,1.1,0.375,1.1,1.5,0.773,0.716,16.9,3.4,6.8,10.2,1.8,0.9,4.0,3.1,4.6,6.2,7.4,3.4,4.6,https://www.sports-reference.com/cbb/players/zvonimir-ivisic-1.html
,162,"Davis, RJ",PG,North Carolina,10/21/01,22.71,"6'0""",,175,,,,,,,,85,#DIV/0!,,,,,,,,37,37,34.8,21.2,0.5,3.1,3.6,3.5,1.2,0.2,1.5,1.8,7.0,16.4,0.428,4.0,8.7,0.455,3.1,7.7,0.398,4.1,4.7,0.873,0.632,21.9,0.5,3.2,3.7,3.6,1.2,0.2,1.6,1.9,7.2,9.0,8.0,4.9,https://www.sports-reference.com/cbb/players/rj-davis-1.html
,163,"Lewis, KJ",SG,Arizona,8/3/04,19.92,"6'4""",,205,,,,,,,,103,#DIV/0!,,,,,,,,36,0,18.3,6.1,1.0,2.1,3.1,1.9,1.1,0.3,0.8,2.6,2.1,4.5,0.466,1.7,3.3,0.508,0.4,1.1,0.341,1.6,2.0,0.792,0.629,12.0,2.0,4.1,6.1,3.7,2.2,0.6,1.6,5.1,4.1,6.5,2.2,3.9,https://www.sports-reference.com/cbb/players/kj-lewis-2.html
,164,"Fleming, Rasheer",PF,St. Joseph's,1/1/03,21.51,"6'9""",,230,,,,,,,,106,#DIV/0!,,,,,,,,35,35,26.8,10.7,2.5,4.9,7.4,0.8,0.8,1.5,1.0,2.6,4.0,7.6,0.528,3.1,4.6,0.660,1.0,3.0,0.324,1.7,2.8,0.612,0.680,14.4,3.4,6.6,9.9,1.1,1.1,2.0,1.3,3.5,5.4,6.2,4.0,3.8,https://www.sports-reference.com/cbb/players/rasheer-fleming-1.html
,165,"Mgbako, Machenzie",PF,Indiana,11/18/04,19.63,"6'8""","7'4""",215,,,,,,,,107,#DIV/0!,,,,,,,,33,33,27.1,12.2,1.0,3.1,4.1,1.3,0.4,0.4,1.2,2.4,4.0,10.1,0.395,2.5,5.4,0.453,1.5,4.6,0.327,2.8,3.4,0.821,0.583,16.2,1.3,4.1,5.4,1.7,0.5,0.5,1.6,3.2,5.3,7.2,6.1,4.5,https://www.sports-reference.com/cbb/players/mackenzie-mgbako-2.html
,166,"Stojakovic, Andrej",SF,Stanford,8/17/04,19.88,"6'7""",,190,,,,,,,,108,#DIV/0!,,,,,,,,32,10,22.3,7.8,0.5,2.9,3.4,0.9,0.4,0.1,1.2,0.8,3.1,7.6,0.409,2.0,4.3,0.471,1.1,3.3,0.327,0.6,1.1,0.528,0.498,12.6,0.8,4.7,5.5,1.5,0.6,0.2,1.9,1.3,5.0,6.9,5.3,1.8,https://www.sports-reference.com/cbb/players/andrej-stojakovic-2.html
,167,"Diomande, Dominique",SF,France,6/20/05,19.04,"6'7""",,190,,,,,,,,110,#DIV/0!,,,,,,,,21,19,26.3,15.5,1.3,4.3,5.6,2.1,1.8,0.3,2.1,2.4,6.1,11.9,0.512,4.4,6.2,0.716,1.7,5.7,0.292,1.6,2.4,0.680,0.634,21.2,1.8,5.9,7.6,2.9,2.5,0.5,2.9,3.3,8.3,8.5,7.8,3.3,https://basketball.realgm.com/player/Abou-Dominique-Diomande/Summary/183336
,168,"Buchanan, Blake",PF,Virginia,5/2/00,24.18,"6'11""",,225,,,,,,,,111,#DIV/0!,,,,,,,,34,6,15.0,3.4,1.3,1.9,3.1,0.4,0.4,0.9,0.4,1.8,1.4,3.3,0.414,1.4,3.3,0.414,0.0,0.0,0.000,0.7,1.4,0.500,0.483,8.2,3.1,4.6,7.4,1.0,1.0,2.2,1.0,4.3,3.4,7.9,0.0,3.4,https://www.sports-reference.com/cbb/players/blake-buchanan-3.html
,169,"Boone, Kalib",PF,UNLV,11/30/00,23.60,"6'9""",,215,,,,,,,,112,#DIV/0!,,,,,,,,32,25,23.2,11.4,2.1,3.1,5.2,1.3,1.1,1.6,1.9,2.8,4.6,7.8,0.590,4.6,7.8,0.590,0.0,0.0,0.000,2.2,3.2,0.696,0.703,17.7,3.3,4.8,8.1,2.0,1.7,2.5,2.9,4.3,7.1,12.1,0.0,5.0,https://www.sports-reference.com/cbb/players/kalib-boone-1.html
,170,"Ugolin, Lucas",SG,France,4/23/02,22.20,"6'5""",,195,,,,,,,,115,#DIV/0!,,,,,,,,28,1,11.0,4.2,0.4,0.9,1.4,0.1,0.3,0.2,0.7,1.4,1.4,3.3,0.440,0.5,0.9,0.607,0.9,2.4,0.379,0.4,0.7,0.632,0.592,13.7,1.4,3.0,4.5,0.5,0.9,0.6,2.2,4.5,4.7,2.9,7.7,2.2,https://basketball.realgm.com/player/Lucas-Ugolin/Summary/139533
,171,"Kugel, Riley",SG,Florida,11/30/03,20.60,"6'5""",,205,,,,,,,,118,#DIV/0!,,,,,,,,33,11,23.3,9.2,0.9,2.6,3.5,1.5,1.1,0.2,1.9,1.9,3.3,8.5,0.394,2.3,5.2,0.447,1.0,3.3,0.312,1.5,2.1,0.696,0.522,14.2,1.4,4.0,5.4,2.3,1.7,0.3,2.9,2.9,5.1,8.0,5.1,3.2,https://www.sports-reference.com/cbb/players/riley-kugel-1.html
,172,"Hall, Keyshawn",SG,George Mason,4/9/03,21.24,"6'7""",,230,,,,,,,,120,#DIV/0!,,,,,,,,29,28,30.6,16.6,1.1,7.0,8.1,1.4,0.4,0.3,2.3,2.1,5.6,11.9,0.474,4.2,7.9,0.533,1.4,4.0,0.357,3.9,4.7,0.844,0.676,19.5,1.3,8.2,9.5,1.6,0.5,0.4,2.7,2.5,6.6,9.3,4.7,5.5,https://www.sports-reference.com/cbb/players/keyshawn-hall-1.html
,173,"Pate, Dink",SG,G-League Ignite,3/10/06,18.32,"6'8""",,210,,,,,,,,124,#DIV/0!,,,,,,,,31,20,23.6,8.0,0.2,2.7,2.9,3.6,0.6,0.1,2.5,1.3,3.1,8.8,0.348,2.5,6.1,0.407,0.6,2.7,0.214,0.8,1.1,0.727,0.438,12.2,0.4,4.1,4.4,5.5,0.9,0.2,3.8,2.0,4.7,9.3,4.1,1.6,https://basketball.realgm.com/player/Dink-Pate/Summary/186459
,174,"Kaluma, Arthur",SF,Kansas State,3/1/02,22.34,"6'7""",,225,,,,,,,,128,#DIV/0!,,,,,,,,33,32,34.5,14.4,1.4,5.6,7.0,2.0,0.8,0.5,2.8,2.3,4.6,10.8,0.427,3.1,6.4,0.486,1.5,4.5,0.345,3.6,4.8,0.747,0.647,15.0,1.5,5.8,7.3,2.1,0.8,0.5,2.9,2.4,4.8,6.7,4.7,5.0,https://www.sports-reference.com/cbb/players/arthur-kaluma-1.html
,175,"Cleveland, Matthew",SG,Miami,9/15/02,21.81,"6'7""",,210,,,,,,,,130,#DIV/0!,,,,,,,,29,29,33.2,13.7,1.7,4.4,6.1,1.7,1.3,0.4,1.9,1.3,5.3,10.9,0.489,4.3,8.0,0.537,1.0,2.9,0.357,2.0,2.5,0.795,0.609,14.9,1.8,4.8,6.6,1.8,1.4,0.4,2.1,1.4,5.7,8.7,3.1,2.7,https://www.sports-reference.com/cbb/players/matthew-cleveland-1.html
,176,"Dickinson, Hunter",C,Kansas,11/25/00,23.61,"7'2""",,260,,,,,,,,132,#DIV/0!,,,,,,,,33,33,32.2,17.9,2.6,8.4,10.9,2.3,0.9,1.4,1.8,2.2,7.6,13.8,0.548,6.9,11.8,0.581,0.7,2.0,0.354,2.1,3.3,0.624,0.636,20.0,2.9,9.4,12.2,2.6,1.0,1.6,2.0,2.5,8.5,13.2,2.2,3.7,https://www.sports-reference.com/cbb/players/hunter-dickinson-1.html
,177,"Thiero, Adou",SF,Kentucky,5/8/04,20.16,"6'7""",,220,,,,,,,,109,#DIV/0!,,,,,,,,25,19,21.4,7.2,1.5,3.4,5.0,1.1,0.7,1.1,0.7,2.1,2.6,5.3,0.492,2.3,4.4,0.527,0.3,0.9,0.318,1.8,2.2,0.800,0.637,12.1,2.5,5.7,8.4,1.9,1.2,1.9,1.2,3.5,4.4,7.4,1.5,3.7,https://www.sports-reference.com/cbb/players/adou-thiero-1.html
,178,"DeVries, Tucker",SG,Drake,12/7/02,21.58,"6'7""",,210,,,,,,,,121,#DIV/0!,,,,,,,,34,34,35.5,21.6,0.6,6.1,6.7,3.7,1.6,0.3,2.5,1.7,7.2,16.2,0.444,4.6,9.2,0.506,2.6,7.1,0.363,4.6,5.7,0.813,0.652,21.9,0.6,6.2,6.8,3.8,1.6,0.3,2.5,1.7,7.3,9.3,7.2,5.8,https://www.sports-reference.com/cbb/players/tucker-devries-1.html
,179,"Raynaud, Maxime",C,Stanford,4/7/03,21.24,"7'1""",,235,,,,,,,,125,#DIV/0!,,,,,,,,32,31,29.1,15.5,2.3,7.3,9.6,2.0,0.7,0.8,2.5,2.3,6.3,11.1,0.567,5.6,9.2,0.610,0.7,1.9,0.361,2.2,2.8,0.784,0.677,19.2,2.8,9.0,11.9,2.5,0.9,1.0,3.1,2.8,7.8,11.4,2.4,3.5,https://www.sports-reference.com/cbb/players/maxime-raynaud-1.html
,180,"Hoggard, AJ",PG,Michigan State,9/25/00,23.78,6'4',,210,,,,,,,,133,#DIV/0!,,,,,,,,35,34,28.7,10.7,0.6,2.5,3.1,5.2,1.4,0.3,1.8,2.1,3.8,9.3,0.407,3.1,7.2,0.425,0.7,2.1,0.347,2.4,3.1,0.787,0.555,13.4,0.8,3.1,3.9,6.5,1.8,0.4,2.3,2.6,4.8,9.0,2.6,3.9,https://www.sports-reference.com/cbb/players/aj-hoggard-1.html
,181,"Boswell, Kylan",PG,Arizona,4/18/05,19.21,"6'2""",,195,,,,,,,,134,#DIV/0!,,,,,,,,36,35,26.9,9.6,0.3,2.0,2.3,3.6,1.4,0.1,1.7,1.3,3.5,8.8,0.396,1.6,3.9,0.415,1.8,4.8,0.379,0.9,1.1,0.795,0.525,12.8,0.4,2.7,3.1,4.8,1.9,0.1,2.3,1.7,4.7,5.2,6.4,1.5,https://www.sports-reference.com/cbb/players/kylan-boswell-1.html
,182,"Richmond, Kadary",PG,Seton Hall,8/25/01,22.86,"6'5""",,180,,,,,,,,135,#DIV/0!,,,,,,,,35,34,32.7,15.7,1.7,5.3,7.0,5.1,2.2,0.6,3.1,1.7,5.8,13.1,0.441,5.3,11.3,0.468,0.5,1.8,0.270,3.7,4.6,0.807,0.583,17.3,1.9,5.8,7.7,5.6,2.4,0.7,3.4,1.9,6.4,12.4,2.0,5.1,https://www.sports-reference.com/cbb/players/kadary-richmond-1.html
,,,,,,,,,,,,,,,,,,,,,,,,,,,,,,,,,,,,,,,,,,,,,,,,,,,,,,,,,,,,,,,,
,This spreadsheet contains all of the players that appear on the Top Prospects list for any of the websites listed on 6/23/24.,,,,,,,,,,,,,,,,,,,,,,,,,,,,,,,,,,,,,,,,,,,,,,,,,,,,,,,,,,,,,,,
,"If a player was unranked on a certain website, he was given the rank equivalent to the total number of players that were ranked on at least one website (that ranked as many players).",,,,,,,,,,,,,,,,,,,,,,,,,,,,,,,,,,,,,,,,,,,,,,,,,,,,,,,,,,,,,,,
,"For example, if a player was unranked on Bleacher Report's top 50 prospects list, and there are 70 prospects that appear in the top 50 of at least one other website, then the player will receive the rank of 70.",,,,,,,,,,,,,,,,,,,,,,,,,,,,,,,,,,,,,,,,,,,,,,,,,,,,,,,,,,,,,,,