Name,Age,MP,dPG%,dSG%,dSF%,dPF%,dC%,VR,MD,DEFL,FREQ,LT_06_%,PM,raDRDB,raDTOV
DeMar DeRozanCHI | SF,34,2989,7.9,19.6,39.2,25.2,8.1,28,70,1.7,40.5,61.5,-1.6,-0.28,-0.46
Domantas SabonisSAC | C,27,2928,5.5,8.3,7,16.2,62.9,3,87,2,44.2,58.5,-5.6,1.36,0.23
Coby WhiteCHI | PG,24,2881,28.2,33.2,22.4,10.3,5.9,40,87,1.1,34.1,70.5,7.5,0.78,-0.47
Mikal BridgesBKN | SF,27,2854,27.9,26.4,23.5,12.5,9.7,79,97,1.6,38.7,60.9,-1.7,-0.38,0.26
Paolo BancheroORL | PF,21,2799,8.7,12.6,27.5,37.2,14.1,38,78,1.4,43.6,60.2,-3.5,-0.45,0.61
Kevin DurantPHX | PF,35,2791,9.4,15.3,27.9,32.1,15.3,68,85,1.5,36.1,58.4,-5.2,1.88,-0.76
Dejounte MurrayATL | PG,27,2783,34.9,28.1,18.2,10.3,8.4,43,100,3,44.8,65,1.9,0.43,0.34
Anthony EdwardsMIN | SG,22,2770,16.4,25.8,29.2,22,6.5,74,80,2.1,33.3,58.9,-4,-0.57,0.53
Nikola JokicDEN | C,28,2737,6.7,7.1,7.5,16.5,62.3,4,73,3.1,42.1,64.6,0.2,2.68,-0.35
Jalen BrunsonNYK | PG,27,2726,33.3,28.3,21.5,10.5,6.4,42,70,1.5,36,67.8,4.6,-0.21,-0.3
Josh HartNYK | SF,28,2707,11.7,20.7,34.9,23.8,8.9,58,76,2,36.4,59.8,-3.9,0.56,-0.42
Anthony DavisLAL | C,30,2700,7.9,8.7,10.2,19.1,54,12,87,2.6,40,56.4,-7.4,1.71,0.09
Fred VanVleetHOU | PG,29,2684,30.3,31.3,18.7,11.6,8,53,87,3,35.5,60.5,-1.8,0.05,0.8
De'Aaron FoxSAC | PG,26,2659,33,29.7,18,12.4,6.9,45,88,3.6,33.9,64.5,1.5,0.01,-0.55
Pascal SiakamIND | PF,29,2657,9.4,14.9,29.1,33.3,13.3,55,79,1.7,39.8,63.1,0.1,1.31,-0.11
Jayson TatumBOS | SF,25,2645,14.3,20.1,31.2,19.1,15.3,91,80,2,36.5,62.9,-0.5,0.04,-0.07
Austin ReavesLAL | SG,25,2629,28.9,32.3,18.6,12.4,7.7,56,87,1.5,35.3,62.7,-0.2,-0.06,-0.14
Tyrese MaxeyPHI | PG,23,2626,28,32.8,20.9,12.4,6,48,75,1.5,35.3,61.6,-1.5,-0.33,-0.68
Luka DoncicDAL | SF,24,2624,13.8,19.1,32.2,24.3,10.7,78,68,2.5,38.9,63.4,0.1,-0.91,-0.5
Nikola VucevicCHI | C,33,2610,5.5,5.6,9.2,17.6,62.2,4,75,1.9,43.9,63.7,-0.4,1.7,-0.9
Jalen GreenHOU | SG,21,2601,15.7,34.8,28.7,14.7,6.1,40,68,1.7,39.3,60,-2.7,-1.8,-0.65
Rudy GobertMIN | C,31,2593,6.6,7.6,7.8,19,59,7,70,1.7,41.1,49.2,-13.8,0.67,-0.84
Keegan MurraySAC | PF,23,2588,13.5,29.3,30.8,18.4,8,64,90,1.8,41.3,58.6,-4.4,-0.05,0.01
Miles BridgesCHA | SF,25,2581,8.5,12.7,27.5,38.5,12.7,33,86,1.5,35.5,65.6,2,-1.06,0.08
Damian LillardMIL | PG,33,2579,27.7,34.8,22.6,8.7,6.1,34,78,2.5,31.6,61.7,-0.7,0.23,-0.34
Giannis AntetokounmpoMIL | PF,29,2567,10.4,10.3,22.8,33,23.6,66,74,2.2,39.4,53.8,-9.4,1.35,-0.6
Michael Porter Jr.DEN | PF,25,2565,10.8,22,33,25.5,8.7,59,64,1.2,42.3,60,-2.7,0.06,-0.19
Shai Gilgeous-AlexanderOKC | PG,25,2553,20.6,25.5,25,19.9,9,92,75,3.7,39.8,61.7,-0.8,-0.62,-0.26
Grayson AllenPHX | SG,28,2513,29.9,33.7,15.8,12.5,8.1,44,92,2.3,34.2,62.9,0,-0.04,-0.15
LeBron JamesLAL | PF,39,2504,9.2,16.2,27.4,35.3,11.9,47,71,1.8,34.4,61.5,-0.8,1.17,-0.15
Paul GeorgeLAC | SF,33,2502,17,29.2,22,18.9,13,94,81,3.1,39.7,56.4,-6,0.53,1.03
Dennis SchroderBKN | PG,30,2486,38.7,27.5,15.5,9.8,8.5,29,87,1.6,35.6,67.8,5.5,-0.74,0.18
D'Angelo RussellLAL | PG,27,2484,24.4,33.7,21.5,12.8,7.6,59,70,2.4,33.9,66.3,3.3,-0.63,0.02
James HardenLAC | SG,34,2470,16.4,25,24.2,23.6,10.8,94,70,2,37.8,63.8,0.4,-0.13,-0.33
Devin BookerPHX | SG,27,2447,21.1,26,27.3,17.9,7.8,84,76,1.5,36.8,63.4,0.9,-1.82,-0.17
Jarrett AllenCLE | C,25,2442,7.5,6.8,9.7,19.3,56.6,8,73,1.8,48.9,57,-7.3,0.21,-0.14
Jabari Smith Jr.HOU | PF,20,2424,9.4,17.1,24.8,27.9,20.8,88,73,1.9,37.8,59.2,-4.6,-0.13,-0.58
Stephen CurryGSW | PG,35,2421,20.8,35,23.9,14.1,6.3,51,75,1.7,32.2,66.5,3,-1.35,0.95
Bam AdebayoMIA | C,26,2416,7.4,8.3,10.8,21.4,52,12,75,2.3,34.2,57.9,-5.9,1.83,-0.31
Chet HolmgrenOKC | C,21,2413,6.6,7.7,9.5,20.6,55.6,9,68,1.4,50.2,52.9,-11.5,,
Brook LopezMIL | C,35,2411,7.9,7.9,10.2,18,56,9,69,1.6,38.5,55.8,-8.3,0.97,-1.44
Kentavious Caldwell-PopeDEN | SG,30,2402,25.1,33.1,24.9,9.7,7.2,46,93,2.7,30.6,66.7,3.7,-0.1,0.48
Bogdan BogdanovicATL | SG,31,2401,17.6,29.6,27.9,15.6,9.2,77,65,2.7,34.1,61.2,-1.3,0.1,-0.44
Brandon MillerCHA | SF,21,2383,17.9,33.2,26.7,14.1,8.1,61,73,1.9,45.8,63,0.1,,
Harrison BarnesSAC | PF,31,2381,7.6,12.6,27,37.3,15.5,37,84,1.5,33,63.8,-0.4,0.51,-0.27
Derrick WhiteBOS | SG,29,2381,27,32,19.9,12.6,8.6,65,84,2.3,37.7,57.2,-5.4,-1.18,0.17
Tobias HarrisPHI | PF,31,2368,10.4,12.3,29.8,31.7,15.8,62,76,1.7,38.8,62.4,-1.5,1.24,-0.33
Donte DiVincenzoNYK | SG,27,2360,25.1,33.1,22.1,13.4,6.3,56,74,3.7,39.6,66.5,3.3,-0.49,0.73
Jordan PooleWAS | SG,24,2346,22.1,30.7,28.3,12.7,6.3,57,64,2.2,38.3,67.7,5.4,0.31,-0.25
Jaylen BrownBOS | SF,27,2343,21.8,25.5,24.9,17.5,10.3,93,89,1.9,36,56.5,-6.3,-0.69,-0.37
Malik BeasleyMIL | SG,27,2337,30.2,34.1,18.9,8.6,8.2,37,91,1.7,30.7,68.3,5.5,0.25,0.08
Franz WagnerORL | SF,22,2337,10.8,25.2,34.5,21.8,7.7,49,72,2.2,36.1,59.8,-3.1,0.76,-0.07
Kawhi LeonardLAC | SF,32,2330,15.1,20.8,22.9,28.5,12.7,93,79,3,37.1,62.5,-0.6,1.89,0.15
Herbert JonesNOP | SF,25,2321,25.4,25.1,18.4,18.4,12.7,98,86,3,32.1,62.6,-0.5,-0.19,0.91
Aaron GordonDEN | PF,28,2297,10.3,12.4,25.4,35.4,16.6,57,83,1.6,34.3,59.3,-4.6,1.04,-0.5
Klay ThompsonGSW | SG,33,2284,17.1,25,24,24.3,9.6,92,73,1.3,37.1,62.1,-1.2,-1.15,-0.34
Kyle KuzmaWAS | PF,28,2281,9.2,13.8,25.7,35.7,15.6,53,77,0.9,44.7,63.7,-0.3,-0.07,-0.67
Jrue HolidayBOS | PG,33,2263,25.2,22.8,19.3,20.1,12.6,99,89,2.5,36.7,57.3,-6.1,0.4,0.39
Deni AvdijaWAS | SF,23,2257,16.7,21.8,24.9,21.9,14.6,100,79,1.5,43.4,61,-1.9,0.59,0.4
Devin VassellSAS | SG,23,2248,20.5,32.6,28.3,12.6,5.9,49,72,2.3,42.7,66.8,4.3,0.27,0.29
Luguentz DortOKC | SG,24,2246,25.8,27.3,19.3,18.8,8.8,87,100,2.1,29.8,60.1,-3.1,-1.87,0.67
Max StrusCLE | SG,27,2239,15.9,27.2,34.7,14.3,7.8,51,75,1.9,34.8,55.6,-6.8,1.37,-0.38
Dillon BrooksHOU | SF,28,2227,18.8,20,23,25.2,13,99,94,1.7,33.2,63.6,0.2,0.8,0.87
Tyrese HaliburtonIND | PG,23,2224,18.2,37,29.4,11.1,4.3,27,66,2.5,43.6,70.8,8.3,-2.47,-0.1
Jalen WilliamsOKC | SG,22,2223,15.8,24.6,18.7,26.2,14.7,98,87,3.2,43.8,53.6,-9.7,-1.1,0.94
P.J. WashingtonDAL | PF,25,2221,10.6,12.4,23.6,30.3,23.1,80,77,2.6,43.1,61.1,-2.1,-0.39,0.49
Jaden IveyDET | SG,21,2217,34,29.9,18.8,10.5,6.7,38,66,1.6,41.2,58.4,-3.8,-0.8,-0.34
Ayo DosunmuCHI | SG,24,2212,28.3,28.9,25.4,11.4,6,54,79,1.6,37.4,60.5,-2.9,0.45,0.33
Zion WilliamsonNOP | PF,23,2207,10.6,14.1,23.8,36.8,14.8,53,63,2.3,36.6,61.8,-1.3,0.37,0.46
Mike ConleyMIN | PG,36,2193,23.6,37.4,21.5,11.4,6.2,36,65,2.8,30.9,60.9,-1,0.36,0.21
Jeremy SochanSAS | PF,20,2193,17.2,18.2,26.8,27,10.7,90,95,2.2,37.1,62.9,-0.7,0.01,0.24
Buddy HieldPHI | SG,30,2160,21.8,27.2,27.2,16.6,7.2,79,68,2.3,42.4,61.4,-0.7,-1.43,0.02
CJ McCollumNOP | SG,32,2159,27.2,37.8,18.3,10.8,5.9,30,67,1.6,33.3,69,6.3,-0.36,-0.71
Spencer DinwiddieLAL | PG,30,2152,25.4,26.1,24.1,15.6,8.9,86,69,1.4,30.9,67.7,5.1,-0.46,-0.7
Tre JonesSAS | PG,24,2138,48.7,27.3,11.8,6.9,5.3,13,79,2.9,32.1,66.8,5.1,-0.43,0.17
Grant WilliamsCHA | PF,25,2130,9.7,11.2,17.9,30.2,31.1,59,68,1.3,34.9,66.9,3.7,0.99,0.18
Jaren Jackson Jr.MEM | PF,24,2124,7.2,11.1,16,20.9,44.8,21,66,3.1,43.3,55.6,-8,-0.47,-0.04
Tim Hardaway Jr.DAL | SG,31,2120,18.1,31.7,24.1,17.8,8.3,77,62,1.1,34.3,65.3,2.8,0.67,-0.41
Nic ClaxtonBKN | C,24,2116,10.2,9.3,11.4,18.3,50.8,14,60,1.9,42.8,55.3,-7.8,-1.13,0.36
Jaime Jaquez Jr.MIA | SF,22,2113,12.6,25.4,26.8,24.1,11.1,86,59,2.4,31.9,62.9,0.7,,
Taurean PrinceLAL | SF,29,2108,15.5,27.1,27,21.1,9.3,85,81,2,36.3,59.9,-3.9,-1.07,0.16
Victor WembanyamaSAS | C,20,2106,7,8.5,14.5,21.9,48.1,16,61,3.5,49.7,53.4,-11.1,,
Jaden McDanielsMIN | SF,23,2105,26.9,23,23.6,18.3,8.1,88,88,2.4,36.5,54.8,-7.2,-0.68,0.54
Brandon IngramNOP | SF,26,2103,13.8,20.8,27.5,28.8,9,78,67,1.7,36,64.1,0.8,0.04,-0.45
Scottie BarnesTOR | SF,22,2094,14.5,17.1,25.2,24.2,19,99,78,2.3,43.8,62.3,-0.9,-1.64,0.48
Jusuf NurkicPHX | C,29,2078,6.9,7.2,7.3,16.9,61.8,5,62,2.9,43.1,54.9,-8.7,3.22,-0.09
Myles TurnerIND | C,27,2076,5.5,6.1,8.7,16,63.7,2,72,1.9,49.9,59.5,-4.8,-0.32,0.28
Collin SextonUTA | PG,25,2075,22.6,37.9,21.4,10.7,7.3,37,60,2.2,32.8,66.5,3.5,-1.11,-0.33
Cam ThomasBKN | SG,22,2075,21.2,28.9,27.6,15.5,6.8,70,52,1.1,39.6,65.5,2.3,-0.76,-0.37
Cade CunninghamDET | SG,22,2074,20,24.3,29.4,18.5,7.8,82,65,1.8,40.8,65.2,3.2,-0.23,-0.04
Corey KispertWAS | SF,24,2067,15.3,30.9,27.6,18.7,7.5,68,53,1.2,39.4,64.1,1.9,-0.15,-1.28
Saddiq BeyATL | SF,24,2062,7.8,17.1,33.5,33,8.6,33,63,1.6,36,67.3,4.4,-0.1,-0.29
Kelly Oubre Jr.PHI | SF,28,2055,21.7,22.9,28.5,17.2,9.7,89,71,2.9,43.9,60.1,-2.2,-1.28,0.22
Alperen SengunHOU | C,21,2046,6.3,7.4,10.1,19.7,56.6,8,65,2.6,44.6,59.7,-4.8,0.04,0.26
Jimmy ButlerMIA | SF,34,2042,14.8,20.7,29.2,25.4,9.9,84,76,2.4,30.3,69.8,7,0.69,1.14
Terry RozierMIA | PG,29,2040,38.9,27.7,17.9,8.2,7.3,26,80,1.6,34.1,70.6,8.5,-0.14,-0.55
Alex CarusoCHI | PG,29,2040,28.9,22.2,24.1,17.9,6.9,80,87,4.7,32.2,58.1,-5.7,0.68,2.55
Keldon JohnsonSAS | SF,24,2038,9.8,21.9,30.6,28.3,9.4,62,64,1.7,40.4,65,2.3,-0.65,-0.39
Kyrie IrvingDAL | PG,31,2030,27,32.7,21.8,12.9,5.6,50,64,2.6,34,71.2,8.8,-2.5,0.08
Karl-Anthony TownsMIN | C,28,2026,6.4,12.2,19.5,35,27,43,57,1.5,31.1,63.2,0.3,0.69,-0.51
Jalen SuggsORL | PG,22,2025,33,36.2,15.5,8,7.3,25,77,3.4,37.9,56.7,-5.1,0.73,0.97
Keyonte GeorgeUTA | SG,20,2023,42.6,27.4,13,9.3,7.7,20,64,1,32.9,66.5,3.9,,
Josh GiddeyOKC | SF,21,2011,14.2,21.8,28.1,27,8.9,80,51,1.6,42.9,57.8,-4.2,-1.42,0.41
Bobby PortisMIL | PF,28,2008,7,10,18,30,35,35,49,2.4,43.5,64.7,1.6,0.45,-0.22
Aaron NesmithIND | SF,24,1995,14.5,17.9,35.1,24,8.4,59,79,2,39.2,52.5,-11.2,1.1,0.01
Gary Trent Jr.TOR | SG,25,1994,21.1,35.1,27.1,12.4,4.3,36,58,2.6,38.8,64,1.2,-1.96,0.64
Norman PowellLAC | SG,30,1990,19.4,33.2,23.7,17,6.7,66,54,1.7,35.7,62.7,-0.3,-1.16,-0.14
Immanuel QuickleyTOR | PG,24,1985,29.8,31.2,22,10.3,6.8,46,60,1.6,38.3,65.3,2.3,-0.77,-0.14
Brandin PodziemskiGSW | SG,20,1968,27,27.5,19.7,16.4,9.4,85,58,2.1,35.2,65,2,,
Naz ReidMIN | C,24,1964,8.1,13.6,21.6,34.2,22.6,64,45,1.9,44.3,57.5,-5.7,0.01,0.57
Caris LeVertCLE | SF,29,1958,25.3,25.6,27.8,12.9,8.4,76,66,2.7,35.8,54.3,-8.6,-1.63,-0.42
Royce O'NealePHX | SF,30,1954,12.6,19.5,28.2,22.9,16.7,95,59,2.3,40,61.6,-1.1,-0.99,-0.61
Jonathan KumingaGSW | SF,21,1949,18.3,20,21.5,28.5,11.7,95,67,1.7,36.4,61.2,-2.1,-0.94,0.07
Trae YoungATL | PG,25,1942,36.3,34.5,15.7,8.3,5.2,22,63,2.4,39.4,67.4,4.5,-2.98,0.09
Donovan MitchellCLE | SG,27,1942,24.5,29.2,25.6,13.1,7.6,70,65,3.1,35,65.7,2.5,1.16,0.15
Dorian Finney-SmithBKN | SF,30,1934,12.6,13.7,24.5,28.4,20.8,91,67,2.1,41.5,58.1,-4.8,0.41,0.07
Tyus JonesWAS | PG,27,1933,41.2,30.2,15.9,7.3,5.4,19,73,2.4,39,69,7.3,-0.4,0.41
Jonas ValanciunasNOP | C,31,1925,5.4,6.4,6.1,15.4,66.7,0,53,1,43.2,64,-0.4,1.44,-1.12
Nickeil Alexander-WalkerMIN | SG,25,1921,30.4,35.6,16.3,11.9,5.8,33,63,2.9,34.3,56.6,-4.9,-0.44,0.33
Andrew WigginsGSW | SF,28,1920,25.4,26.9,18.5,18.6,10.6,92,81,1.7,35.7,65.1,1.8,0.12,0.16
Duncan RobinsonMIA | SF,29,1905,14.7,30.1,27.6,20.5,7.2,69,46,1.8,37.4,62.6,0.5,-0.04,0.49
John CollinsUTA | PF,26,1901,6.5,10.6,20.1,33.7,29.2,40,58,1.2,42.9,61.9,-2.1,0.18,-0.71
Darius GarlandCLE | PG,24,1901,45.3,27.1,15.2,6.6,5.8,17,66,2.2,29.5,68.2,5.8,-0.87,0.61
Isaiah HartensteinNYK | C,25,1896,6.3,6.1,6.4,21.2,59.9,5,49,2.8,48.3,53.2,-11.1,-0.19,0.23
Eric GordonPHX | SG,35,1893,18.8,32.9,19.8,20.7,7.7,73,54,1.9,34.8,66.9,3.9,-0.34,-0.42
Jalen JohnsonATL | PF,22,1889,9.8,11.5,28,35.1,15.5,47,63,2.2,45.4,61.6,-2.1,-0.92,0.05
Isaac OkoroCLE | SF,23,1887,32.3,27.6,23.1,9.8,7.3,48,85,2,27.9,65.5,2.3,0.72,-0.35
Clint CapelaATL | C,29,1883,6.4,6.8,7.7,16.5,62.6,3,60,1.6,45.2,58.7,-5.5,1.3,-0.43
Terance MannLAC | SF,27,1873,30.8,30.6,15.8,13.8,9.1,61,66,1.4,34.9,64.3,2.1,-1.51,0.05
Malik MonkSAC | SG,25,1872,20.6,35.9,26.5,11.4,5.6,37,48,1.8,37.5,57.1,-4.7,-0.5,0.27
Bruce BrownTOR | SG,27,1866,24.6,22.5,28.6,16.1,8.2,82,70,2.2,42.3,66,2.9,-1.55,0.17
Jamal MurrayDEN | PG,26,1861,26.6,30.9,20.3,13.3,9,71,60,2.1,35.2,64,0.9,-1.75,0.45
RJ BarrettTOR | SF,23,1838,11.6,21.3,38.4,19.4,9.4,42,68,1.6,37.8,60.7,-2.3,-0.92,-0.86
Georges NiangCLE | PF,30,1831,8.4,13.6,27.5,34.5,16.1,52,45,1.4,38.8,60.6,-2.9,0.64,-0.21
Jerami GrantPOR | PF,29,1830,10.3,23.9,24.8,29.3,11.7,78,65,1.8,40,68.8,4.2,-1.24,-0.14
Rui HachimuraLAL | PF,25,1826,7.5,15.1,26,31.5,19.9,69,63,1.7,40.6,61.9,-2.8,0.97,-0.44
Payton PritchardBOS | PG,26,1825,30.5,33.7,19,11.3,5.5,36,45,1.6,34.5,66.5,5,-0.05,-0.47
Lauri MarkkanenUTA | PF,26,1820,8.7,13.2,25.1,28.9,24.1,77,54,1.5,41.4,60.2,-3,0.19,-0.5
Reggie JacksonDEN | PG,33,1817,30.1,30.3,16.6,13.9,9,65,47,1.7,32.6,66.4,4.2,-0.44,0.07
Cole AnthonyORL | PG,23,1817,38.9,32.5,14.5,7.9,6.2,20,50,2.5,34.6,61.2,-0.2,-0.25,-0.42
Daniel GaffordDAL | C,25,1815,7.1,7.7,7.7,15,62.6,4,58,2.3,47.9,58.4,-6.1,-1.82,-0.13
Ivica ZubacLAC | C,26,1794,8.5,9,8.2,19.2,55.1,10,58,0.8,39.1,51.7,-11.7,1.7,-1.19
Deandre AytonPOR | C,25,1784,7.9,10.2,8,19.8,54.1,11,59,1.8,34.6,62.3,-1.4,-0.09,-0.54
Derrick Jones Jr.DAL | PF,26,1783,26.9,27.4,18,18.2,9.5,86,72,2.5,39.2,56.3,-6,-0.85,-0.09
Kyle AndersonMIN | PF,30,1782,11.2,21.8,28.5,25.3,13.2,86,49,3.2,39.3,60.2,-3.1,0.08,0.78
Jalen DurenDET | C,20,1777,6.9,5.7,7.1,15.7,64.7,2,58,1.5,38.8,63.4,-1.4,-1.42,0.18
Bradley BealPHX | SG,30,1767,27.6,28.2,22,14.2,7.9,74,64,2.1,29.3,59.3,-3.6,-0.5,-0.33
Scoot HendersonPOR | PG,19,1765,32,29,16.5,11.6,10.9,65,58,2.1,39.2,73.6,11,,
Nick RichardsCHA | C,26,1759,8.1,6.2,8.6,17.6,59.6,7,53,1,52.2,61.1,-3.1,0.38,-0.04
Kelly OlynykTOR | C,32,1759,8.5,11.1,18.1,25.9,36.5,43,47,3.6,42.7,66.1,2.3,-0.39,0.06
Caleb MartinMIA | SF,28,1756,32.8,23.1,20.8,14,9.3,72,69,1.7,32.8,57.6,-4.3,-0.86,1.12
Sam HauserBOS | PF,26,1741,15.1,30.4,29.2,18.2,7,64,41,1.5,38.7,55.2,-6.9,-0.2,-0.71
Al HorfordBOS | C,37,1740,8.1,12.3,22,24,33.6,60,55,1.4,35.7,63.3,0.7,1.99,-0.81
Toumani CamaraPOR | PF,23,1739,20.7,26.5,19.9,18,14.9,99,62,2.9,40.1,64.3,1.1,,
Obi ToppinIND | PF,25,1730,6.3,11.5,30.2,36.3,15.8,32,49,1.7,37.9,56.7,-6.6,0.09,0.06
Bilal CoulibalyWAS | SF,19,1715,22.2,25.5,28.6,15.3,8.5,82,62,2.3,44.1,60.9,-1.3,,
OG AnunobyNYK | SF,26,1702,18.4,18.2,30.7,21,11.7,90,82,2.7,36.6,57.9,-5.5,-0.85,1.3
Jabari WalkerPOR | PF,21,1700,9.3,16.9,23.9,26.7,23.2,90,45,1.6,42.6,62.5,-1,-0.47,0.32
Andrew NembhardIND | PG,24,1697,38.6,29.3,17.3,9.3,5.5,25,73,2.4,37.1,61.4,-0.6,-1.41,0.25
Cason WallaceOKC | PG,20,1692,32.6,31.5,15.9,12.7,7.4,42,54,3.4,34,63.6,1.1,,
Trey Murphy IIINOP | SF,23,1690,14.8,26,27.8,23.2,8.3,81,48,2,34.9,61.7,-1.2,-0.69,0.01
Kyle LowryPHI | PG,37,1690,22.5,25,29.9,14.5,8.1,76,59,2.5,34.2,68.8,5.6,-0.25,0.85
Kristaps PorzingisBOS | C,28,1690,8.2,9.7,18.1,22.1,42,25,57,1.4,41.3,49.8,-13.6,1.56,-1.45
Jordan ClarksonUTA | SG,31,1682,15,34.2,28.8,15.8,6.1,43,43,1.5,40.1,60.8,-2.3,-0.68,-0.54
De'Andre HunterATL | SF,26,1681,12.9,15.6,38.3,21,12.1,50,61,1.6,36.4,65.7,2.8,0.44,0.34
Pat ConnaughtonMIL | SG,31,1676,18.9,31.7,28.1,13.4,7.9,63,47,1.4,33.5,62.2,1.6,0.2,-0.23
Christian BraunDEN | SF,22,1655,21.4,31.9,20,18.1,8.6,79,44,1.4,41,53.4,-8.2,0.45,0.12
Simone FontecchioDET | PF,28,1644,9.7,21.5,37.6,22.3,8.9,39,54,1.6,39.2,63,0.1,-1.42,-0.04
Ochai AgbajiTOR | SG,23,1641,19.7,27.3,23.9,19.6,9.6,91,55,1.7,35.5,54.5,-7.6,0.02,-0.6
Julius RandleNYK | PF,29,1630,7.2,8.2,28.7,41.3,14.6,21,57,1.1,32,62.1,-2.3,1,-0.62
Precious AchiuwaNYK | PF,24,1624,7.8,8.7,15.2,32,36.3,26,46,2.1,45,58.6,-4.7,0.3,-0.41
Santi AldamaMEM | PF,23,1618,8.3,13.9,28.6,28.8,20.4,72,46,1.7,42.7,53.9,-8.8,-0.17,0.37
Cameron JohnsonBKN | PF,27,1599,14.4,21.3,33.7,21.8,8.8,69,46,2,38.5,55.1,-7,1.11,-0.02
Malaki BranhamSAS | SG,20,1594,27.6,36.5,20.1,9.7,6.1,33,44,0.9,39.6,62,0.2,-1.41,-0.45
Paul ReedPHI | PF,24,1590,8.1,8.3,9.7,24.8,49.1,14,38,3.8,47.7,60.5,-2.9,0.1,0.94
Ausar ThompsonDET | SG,21,1583,26,22.3,26,17.1,8.6,87,57,3,39.5,58.4,-4.1,,
Anfernee SimonsPOR | PG,24,1582,17.4,33.5,26.3,14.4,8.3,63,60,1,40,72.1,8.9,-1.57,-0.25
Kevin HuerterSAC | SG,25,1562,12.4,38.9,26.9,15.2,6.6,29,51,2.6,38.9,68.4,6,0.75,-0.31
Bennedict MathurinIND | SG,21,1538,16,29.7,31.7,16.3,6.4,54,51,1.2,46.6,68.4,5.4,-1.59,0.6
Evan MobleyCLE | PF,22,1532,7,9,18,27.6,38.4,28,54,2.6,46.7,53.8,-9.7,0.13,0.49
Chris PaulGSW | PG,38,1531,25.4,25.9,22.5,18.2,8,87,46,2.7,37.9,62.6,-0.2,0.07,0.41
Russell WestbrookLAC | PG,35,1529,21.8,25.2,21,21.1,10.9,98,52,2.9,33.2,57.1,-4.5,-1.43,0.12
Nicolas BatumPHI | SF,35,1529,26.6,18.4,21.6,20.2,13.3,98,57,2.7,39.9,59.2,-3.5,-1.15,0.65
Zach CollinsSAS | C,26,1526,6,8.7,9.5,18.2,57.6,7,45,1.7,44,59.3,-4.3,-0.3,-0.26
Josh GreenDAL | SG,23,1505,32.8,29,18.4,12.4,7.5,51,54,2.2,32.6,63.9,1.2,-0.78,1.52
Walker KesslerUTA | C,22,1493,7.2,10.7,10.7,20.4,51.1,13,38,1.2,45.4,51.4,-11.8,0.07,-0.49
Draymond GreenGSW | PF,33,1490,10.3,10.4,11.7,27.9,39.7,27,55,2.8,31.3,60.7,-3.3,0.94,-0.07
Peyton WatsonDEN | SF,21,1488,16.6,19.6,22.5,28.1,13.1,96,44,1.9,42.2,48.3,-13.8,0.14,0.01
Matisse ThybullePOR | SF,26,1487,21.7,32.4,23.1,13.3,9.6,73,53,5.3,41,70.7,7.4,-0.42,1.97
Khris MiddletonMIL | SF,32,1487,11.8,24.8,38.8,15.9,8.7,35,63,2.4,36.5,61.7,-0.8,0.39,-0.94
Bojan BogdanovicNYK | SF,34,1478,10.6,18.6,35.3,25.2,10.4,55,44,1,39.7,75.8,12.2,-1.16,-0.79
Julian ChampagnieSAS | SF,22,1468,12.1,27.6,25.7,26,8.6,74,42,2.2,39.4,57.9,-5,0.03,0.02
Patrick BeverleyMIL | PG,35,1462,32,25.8,19.3,13.5,9.4,70,48,2.3,39.5,59.9,-2.6,-0.43,0.55
Amir CoffeyLAC | SF,26,1460,24.4,31.3,19.8,16.2,8.3,77,46,1.6,31.4,62,0.4,-0.34,-0.66
Isaiah JoeOKC | SG,24,1445,21.2,28,26.2,18.3,6.3,78,35,1.7,35.4,61.1,-2.1,-1.42,1.16
Desmond BaneMEM | SG,25,1443,11.4,33.6,26,19.6,9.5,61,65,1.9,30.7,63.5,-0.2,0.21,0.22
Vince Williams Jr.MEM | SG,23,1436,26.2,26.5,25.3,12.2,9.8,80,63,3,43.2,57.1,-5.1,-0.64,0.18
Isaiah StewartDET | C,22,1423,8.4,9.3,21.9,35.9,24.5,41,58,0.5,34.6,52.3,-12.2,1.27,-0.3
Moritz WagnerORL | C,26,1415,6.5,8.5,10.9,24.6,49.5,13,32,2.4,37.1,63.7,0.3,0.4,0.17
Tyler HerroMIA | SG,24,1407,25,36.5,20.6,12,5.9,39,52,1.3,35.3,61,-1.9,-1.71,0.19
Wendell Carter Jr.ORL | C,24,1406,6.2,8.2,6.3,20,59.3,6,46,1.5,38.3,59.6,-4.6,0.77,-0.3
Onyeka OkongwuATL | C,23,1405,7.3,8.5,10.9,25.8,47.4,16,43,1.8,41.2,59.7,-3.5,0.29,0.09
Amen ThompsonHOU | SG,21,1388,23.4,33.4,17.8,14.3,11.1,74,44,3.6,38.9,57.5,-4.9,,
Haywood HighsmithMIA | SF,27,1366,26.7,21.2,21.8,20.9,9.4,93,48,2.9,32.6,57.1,-5.3,-0.57,-0.06
Dyson DanielsNOP | SG,20,1358,27.4,30.5,14.1,15.2,12.9,81,56,4.5,35.1,63,0.2,0.5,0.29
Marcus SasserDET | PG,23,1351,39.7,29.1,15.7,10.3,5.2,24,33,2.2,32.2,70.3,8.9,,
Andre DrummondCHI | C,30,1351,6,5.8,6.3,27.4,54.5,8,34,3.3,38,61.4,-3.2,0.65,0.8
Kris MurrayPOR | PF,23,1348,12.3,27.7,31.7,19.8,8.4,64,37,2.5,46.8,55.9,-6,,
Miles McBrideNYK | PG,23,1328,48.3,25.2,12.8,8.3,5.5,14,42,3.2,34.1,56.1,-5.6,0.98,-0.04
Jakob PoeltlTOR | C,28,1319,7.3,6.4,8.1,14.9,63.2,3,48,1.7,48.7,57.3,-6.7,0.63,0.13
Joel EmbiidPHI | C,29,1309,8,9.1,12.5,15.5,54.9,10,46,1.6,42.3,53.6,-10.5,-0.12,-0.28
Jeff GreenHOU | PF,37,1307,12,14.3,17.8,31.1,24.9,84,35,1.2,32.9,58.2,-4.5,-0.51,-0.46
Cameron PaynePHI | PG,29,1304,32.3,32.6,20.7,8.6,5.8,32,34,3,36.6,62.3,0.3,-0.07,0.63
Gary HarrisORL | SG,29,1297,26.6,36.7,21.3,9.1,6.2,33,49,2.5,38.1,62.2,0.8,-1.51,0.4
Dereck Lively IIDAL | C,19,1294,8.5,8.3,9.3,20.1,53.8,12,44,1.9,40.1,58.7,-5.2,,
T.J. McConnellIND | PG,31,1291,43.9,28.9,13.5,7.9,5.9,18,41,4,39.9,68.8,7.3,-0.8,1.22
Cedi OsmanSAS | SF,28,1269,10.2,23.4,28.7,28,9.8,68,32,1.9,35.7,60.9,-1.5,-1.47,0.66
Aaron HolidayHOU | PG,27,1269,31.7,35.3,15.3,11,6.7,31,37,2.2,35.8,66.2,4.7,-0.53,0.72
Gradey DickTOR | SG,20,1268,14.1,30.6,29.1,19.4,6.8,61,30,1.7,36.9,71.3,7.9,,
Naji MarshallNOP | SF,26,1257,18.2,28.1,21.9,20.1,11.7,95,37,2.8,34.1,63.3,0.7,0.14,0.25
Kris DunnUTA | PG,29,1249,29.5,30.1,22.2,11.2,7,54,45,4.2,33,59.3,-4.1,-0.21,0.15
Gordon HaywardOKC | SF,33,1245,9.6,19.7,44,18,8.7,23,48,2,32.3,67.5,4.3,0.41,0.29
GG JacksonMEM | PF,19,1233,18.4,22.9,26.9,21.2,10.5,94,46,1.2,44,58.2,-4.7,,
Aaron WigginsOKC | SG,25,1228,23.1,24.4,21.9,20.4,10.2,97,33,3.3,40.2,52.8,-9.8,0.3,-0.3
Larry Nance Jr.NOP | C,31,1216,7.7,10.4,7.7,20,54.2,10,35,3.2,44.1,64.2,-0.3,0.37,1.39
Duop ReathPOR | C,27,1214,8.1,12,12.6,22.1,45.2,20,32,1.9,46,61.7,-1.4,,
Alec BurksNYK | SG,32,1212,20,30.6,27,17,5.5,65,37,1.3,42.6,54.2,-7.3,0.83,0.14
Kevon LooneyGSW | C,27,1194,7.7,9.6,7.9,14.6,60.3,6,43,1.2,33.6,61,-2.9,1.18,-1.09
David RoddyPHX | PF,22,1177,13.1,23.9,26.5,23.2,13.3,93,42,1.7,42.8,58.1,-5,-0.65,-0.2
Vasilije MicicCHA | PG,30,1176,31.6,28.1,22.6,9.8,7.9,52,37,2.1,34.2,68.6,6.4,,
Patrick WilliamsCHI | SF,22,1174,10.8,13.3,32.5,34.1,9.3,35,57,2.3,35.8,65.8,1.2,0.65,-0.6
John KoncharMEM | SF,27,1173,22,28.5,29.5,11.2,8.8,66,36,3.1,43.7,59.5,-2.8,-0.28,0.66
Joe InglesORL | SF,36,1169,7.8,24.9,35.7,25.7,6,31,25,2,34.9,70.1,8.5,1.38,-0.3
Drew EubanksPHX | C,26,1169,9.2,9.5,9,23.2,49.1,15,32,2.5,43.4,56.8,-6.8,0.03,-0.14
Anthony BlackORL | PG,20,1164,34.4,33.4,15.7,10.2,6.3,28,40,2.4,35.1,54.6,-7.5,,
Jordan HawkinsNOP | SG,21,1160,21.2,40.2,17.6,14.3,6.8,34,29,0.7,32.6,60.3,-1.1,,
Trey LylesSAC | PF,28,1158,8.5,13.4,25.5,30.9,21.7,72,31,1.5,43,60.5,-2.7,0.79,-0.31
Moses MoodyGSW | SG,21,1156,22.2,23.2,25.4,18.4,10.9,97,34,2.5,36,54.1,-9,0.79,-0.06
Jae CrowderMIL | PF,33,1156,12.4,24.2,29.2,20.3,13.9,89,46,2.4,30.7,56.7,-5.9,0.58,0.46
Trayce Jackson-DavisGSW | C,23,1130,7.8,9.3,9.5,24.9,48.4,15,29,1.6,49.9,54.7,-8.4,,
Malcolm BrogdonPOR | PG,31,1121,17.6,31.4,22.8,18.7,9.6,83,43,1.4,38.8,67.1,3,0.8,-0.81
Dean WadeCLE | PF,27,1108,10,14.2,30,29.1,16.7,71,43,2.6,41.3,59.3,-4.7,1.16,0.6
Josh RichardsonMIA | SF,30,1103,32.6,26.7,20.2,11.6,8.8,63,48,2,30.2,64.9,2.6,-0.92,0.29
Davion MitchellSAC | PG,25,1101,37.7,34.1,12.5,9.6,6.1,21,37,1.3,30.6,73.8,11.8,-0.45,0.41
Dario SaricGSW | PF,29,1098,7.6,11.8,14.7,25.8,40.1,28,32,2.7,45.6,56.9,-6.5,2.27,-0.02
James WisemanDET | C,22,1091,6.2,5.2,7.2,23,58.4,6,26,0.5,41.9,56.4,-7.3,-0.39,-0.28
Dante ExumDAL | SG,28,1088,30.3,31.8,17.8,12.6,7.6,51,42,1.6,37.5,67.6,5.2,0.59,0.76
Sam MerrillCLE | SG,27,1069,25.2,31.7,25.9,12.1,5.2,49,30,1.3,35.5,53.8,-7.7,0.1,-0.03
Shaedon SharpePOR | SG,20,1059,16.7,38.7,21,15.9,7.6,41,49,1.9,43.6,68.1,5.6,0.99,0.01
Dennis Smith Jr.BKN | PG,26,1059,33.9,30,19.9,8.6,7.6,37,43,4.5,31,60.8,-2.1,-0.59,0.61
Marvin Bagley IIIWAS | PF,24,1053,6.9,7.7,7.1,20.1,58.2,7,35,1.4,38.4,59.3,-4.4,0.28,-0.47
Torrey CraigCHI | PF,33,1049,10.5,14.7,32.7,32.1,10,41,42,2.3,36.1,65.4,0.8,-0.39,-0.57
Jalen SmithIND | PF,23,1047,8.7,7,13.9,24.7,45.7,19,31,0.9,49,57.1,-6.3,0.85,-0.81
Dalano BantonPOR | SG,24,1047,16.1,26.9,30.1,17.6,9.3,79,30,2.4,36.5,56.8,-4.8,0.44,0.19
Ziaire WilliamsMEM | SF,22,1038,19.9,32.9,24.2,14,9,69,40,2.7,39.4,61.3,-1,0.44,-0.51
Jae'Sean TateHOU | PF,28,1031,13.4,22.2,23.2,26.9,14.3,96,32,2.7,33.6,61,-2.5,0.16,0.02
Kenrich WilliamsOKC | SF,29,1029,13.2,14.6,19.3,30.5,22.4,90,33,2.7,36.9,67.1,4.5,0.26,1.07
Jose AlvaradoNOP | PG,25,1028,38.4,30.3,13.2,9.6,8.5,26,32,4.1,32.7,59.7,-3.2,1,1.36
Quentin GrimesDET | SG,23,1025,27,31.1,25.7,9.5,6.8,47,39,2.1,35.7,68.3,6.6,1.22,-0.08
De'Anthony MeltonPHI | SG,25,1023,32.6,32,14.5,10.9,10.1,44,51,4.2,41.2,62.8,0.2,-0.4,0.96
Daniel TheisLAC | C,31,1015,9.7,12.5,9.4,25.4,43,23,28,2.3,44.8,60.4,-2.6,0.31,0.06
Lonnie Walker IVBKN | SG,25,1011,20.5,31.1,27.5,14.1,6.8,65,26,1.9,39.4,58.8,-2.3,-1.15,-0.81
Talen Horton-TuckerUTA | SG,23,1009,21.1,27.1,23.2,15.9,12.7,96,36,3,33.5,63.2,1.4,0.78,0.25
Killian Hayes| PG,22,1008,25.1,32.5,21.3,14.7,6.3,62,38,2.6,45.9,68.1,6.1,-0.77,0.62
Jevon CarterCHI | PG,28,1004,35.5,30.4,19.7,8.6,5.8,29,28,3.2,34,60.3,-2,0.51,-0.13
Luke KennardMEM | SG,27,999,17.8,32.8,28.9,13.5,7.1,52,33,1.2,44.5,68.6,5.6,-0.47,-0.48
Garrison MathewsATL | SG,27,992,14.8,31.4,29.8,18.1,5.9,52,23,1,31.7,64,2.6,-1.12,0.88
Jaden HardyDAL | SG,21,989,22.3,28.7,26.4,14.9,7.6,76,23,1.6,33.7,71.2,9.4,-0.03,-0.44
Tre MannCHA | PG,22,987,44.1,25.7,11.3,11.6,7.3,20,49,3.2,37.5,63.7,2.3,-1.41,0.18
Cam ReddishLAL | SF,24,984,31.1,31.2,17.3,11.6,8.8,53,55,3.1,33.2,69.2,6.6,0.21,-0.33
Luke KornetBOS | C,28,983,12.1,11.1,16.4,22.6,37.8,49,23,1.2,35.8,52.2,-8.7,1.8,-0.88
Keon EllisSAC | SG,24,978,39.1,32,12.2,9,7.6,22,44,3.8,42.7,60.9,-0.9,-0.07,0.08
Xavier TillmanBOS | PF,25,974,8.8,12.9,11.9,22.8,43.7,23,37,3,44.6,54.4,-9.2,-0.4,1.64
Josh OkogiePHX | SF,25,960,27.6,30.7,15.9,15.8,10,75,41,3.5,36,61.5,-1.9,-0.88,1.27
Goga BitadzeORL | C,24,957,7.1,6,10.5,13.5,62.9,4,34,2.8,46.1,62.6,-1.5,-0.35,0.12
Max ChristieLAL | SG,20,944,26.1,38.5,18.3,10.4,6.7,31,28,1.1,33.9,59.3,-2.5,-0.72,-0.21
Kevin LoveMIA | PF,35,924,6.1,8.7,9.2,18.3,57.7,7,25,1.6,46,60.1,-4.1,1.63,-0.58
Day'Ron SharpeBKN | C,22,921,7.8,7.9,10.7,17.9,55.7,9,21,2.4,43.7,64.1,0.7,1.31,-0.21
Jonathan IsaacORL | PF,26,914,8.4,14,24.2,31.1,22.3,73,32,3.1,43.8,47.7,-14.9,0.33,0.43
Markelle FultzORL | PG,25,910,30.4,29.7,22,11,6.9,51,39,2.7,29.1,75.3,13.9,-0.26,0.43
Doug McDermottIND | SF,32,904,10.1,31.6,33,19.6,5.8,34,19,0.6,33.6,60.2,-1.9,-0.83,-0.84
Jaylin WilliamsOKC | C,21,897,7,8.3,9.1,22.3,53.4,11,26,2.1,36.4,66.1,2.5,0.55,-0.06
Nikola JovicMIA | PF,20,896,9.8,14.9,23.5,30,21.9,83,29,1.8,40.9,64,0.8,-1.1,0.42
Bryce McGowensCHA | SG,21,882,17.3,30,30.8,15,7,58,26,1.1,38.4,61,-2.2,-0.09,0.13
Cam WhitmoreHOU | SF,19,880,13.6,27.7,29.8,16.4,12.6,81,25,3,32.8,65.1,2.2,,
Jaxson HayesLAL | C,23,877,6.8,9.8,10.8,24.8,47.7,16,23,2.5,36,65.7,2.8,1.18,0.72
Malachi FlynnDET | PG,25,876,40.6,29,13.6,11,5.7,23,26,2.4,37.4,64.3,2.7,0.12,0.1
Blake WesleySAS | PG,20,876,39.9,31.1,13,8.8,7.3,21,29,2.2,33.9,65.8,4.9,-0.76,-0.25
Zach LaVineCHI | SG,28,872,14.2,33.3,29.8,16,6.8,44,48,1.7,32.1,62.8,0.8,0.15,-0.49
Christian WoodLAL | PF,28,872,7.9,10.2,20.6,31,30.4,50,25,0.7,33.1,55.5,-6.9,0.41,-0.36
Maxi KleberDAL | C,32,871,10.3,11.8,21.8,30.1,26.1,76,30,1.2,36.2,58.7,-4.7,0.89,-0.31
Justin HolidayDEN | SG,34,862,20,29.9,21.4,19.6,9.1,87,29,2.8,37.4,61.9,1.2,0.23,-0.09
Chimezie Metu| C,26,859,9.1,11.6,24.1,36.9,18.4,46,24,3.1,45.2,63.9,2.3,0.05,0.09
Trendon WatfordBKN | PF,23,856,15.6,18.8,26.3,28,11.3,89,20,1.8,31.9,63.6,-0.4,-0.41,0.03
Taylor HendricksUTA | PF,20,856,9,19.5,29.6,24.8,17.1,84,37,2,46.1,60.1,-3.3,,
Dwight PowellDAL | C,32,836,9.4,9.3,9.2,22.6,49.4,15,24,2.5,37.9,57.4,-5.7,0.46,0.45
Troy Brown Jr.DET | SF,24,827,13.8,25.5,29.9,22.3,8.5,75,24,2,41.9,68.6,6.3,0.55,-0.85
Marcus Morris Sr.CLE | PF,34,817,13,12.7,26.5,29.3,18.6,85,24,1.1,42,64.6,1.9,0.69,-1.14
Caleb HoustanORL | SG,21,815,11.3,27.9,36.1,19.8,4.8,34,21,1.4,32.2,60.5,-2.1,-0.48,0.39
Ben SheppardIND | SG,22,814,19.4,40.5,22.3,12.5,5.3,27,25,2.1,39.4,67,3.5,,
Jake LaRaviaMEM | SF,22,806,15.6,25,31.5,20.4,7.4,70,28,3,44.8,63.3,1.6,-2.03,-0.47
JT ThorCHA | PF,21,781,8.4,14.7,28.3,32.6,15.9,60,21,1.7,45,68.1,4.6,0.88,-0.36
Isaiah JacksonIND | C,22,771,7.6,8.1,8.8,23.8,51.7,12,21,3.4,46.3,53.7,-9.7,-0.46,0.1
Mitchell RobinsonNYK | C,25,768,5,4.9,7.6,16,66.5,1,39,2.4,41.2,70.3,5.3,0.83,-0.23
Jock LandaleHOU | C,28,763,6.4,7.3,13.4,19,53.9,11,19,1.6,43.6,53.1,-8.3,0.39,-0.03
Cody MartinCHA | SF,28,753,37,19.6,20.2,14.7,8.6,53,46,2.4,32.5,65.3,2.7,0.47,0.61
KJ MartinPHI | SF,23,746,9.5,19.8,29.7,26.1,14.9,81,21,1.9,37.6,65.9,3,-0.37,-0.19
Delon WrightMIA | PG,31,742,33.9,27.9,18.7,10.9,8.5,49,27,4,37.8,63.9,2.3,-0.69,1.29
Mo BambaPHI | C,25,740,7,7.4,9.7,14.6,61.4,5,20,1.1,48.3,62.7,-1.7,1.33,-1.4
Nick Smith Jr.CHA | SG,19,729,37,31.7,16.8,8.9,5.6,24,22,0.7,32.9,58.5,-3.1,,
Landry ShametWAS | SG,26,726,24,34.6,21.8,10.6,9,55,34,2.5,36.5,62.5,-1.2,0.42,0.42
Chris DuarteSAC | SG,26,719,29.9,28.6,21.1,14.1,6.3,63,29,1.8,38.6,58.8,-2.7,-0.66,-0.07
Jordan NworaTOR | PF,25,712,15.5,20.6,34.2,20.1,9.6,71,18,1.6,47.9,62.2,-0.5,-1.11,-0.12
LaMelo BallCHA | PG,22,711,31.5,27.6,22.1,11.2,7.7,58,44,3.2,40.6,69.8,5.6,-0.71,0.44
Chris BoucherTOR | C,31,705,11.5,16.9,23.6,26.5,21.5,95,19,1.7,41.9,64.5,1.5,-0.71,0.64
Jacob GilyardBKN | PG,25,699,30.1,34.6,20.8,8.5,6,32,24,4.1,39.6,74.2,11.7,,
Bruno FernandoATL | C,25,682,7.1,4.8,8.1,17.4,62.6,3,19,1.8,50,62.8,-0.3,0.92,-0.65
Dalen TerryCHI | SG,21,681,19.6,24.5,31.9,18.2,5.8,67,19,2.9,35.5,52.4,-10.1,-0.23,0.06
Gary Payton IIGSW | SG,31,680,28.8,33.2,11.6,16.3,10.1,57,33,4.7,34.2,67.4,3.9,0.59,1.02
Mason PlumleeLAC | C,33,674,6.5,10.1,13.1,20.1,50.1,14,22,2.1,48.2,58.3,-6.4,1.12,0.11
Davis BertansCHA | PF,31,674,9.2,24.9,33.3,22.6,9.9,58,20,2.3,34.8,63.8,1.7,0.61,-0.18
Keita Bates-DiopBKN | PF,28,665,12,17.8,23.7,33.3,13.1,75,24,1.9,39.5,56.8,-5.8,0.68,-0.1
Jalen WilsonBKN | SF,23,664,15.7,23.6,24.9,28.4,7.4,79,20,1.2,29.1,65,3.4,,
Craig Porter Jr.CLE | PG,23,649,38.9,29.1,19.1,6.9,6,23,20,2.2,39.4,62.5,1.9,,
Oshae BrissettBOS | PF,25,630,15.2,16.6,19.6,32.3,16.3,89,15,2.2,37.8,54.8,-5.9,-0.11,0.19
Danilo GallinariMIL | PF,35,630,8.7,12.1,19,25.7,34.5,56,20,1.7,45.7,65.6,1.5,0.58,-0.44
Jordan McLaughlinMIN | PG,27,626,41.7,28.6,17.4,7.1,5.1,19,18,3.8,32.8,60.6,-1,1.14,0.64
Seth CurryCHA | SG,33,616,22.2,39,21.7,12.2,4.9,30,21,2.5,36.4,79.2,17.8,-0.1,-0.42
Johnny DavisWAS | SG,21,613,24.8,35.1,21.4,11.6,7.2,47,21,2.7,42.4,67.4,4.5,0.46,0.09
MarJon BeauchampMIL | SG,23,608,25.7,30.1,24,13,7.1,68,26,2.1,35.2,57.8,-1.7,-0.74,0.09
Marcus SmartMEM | PG,29,605,19.2,28.1,24.2,19.8,8.7,88,69,3.5,25.6,60.9,-2.1,0.37,0.77
Mike MuscalaOKC | C,32,600,8,8.8,10.7,26.7,45.8,18,19,1.3,47.5,61.8,-1.4,1.12,0.01
Jericho SimsNYK | C,25,585,6,5.9,8.5,17.8,61.8,5,21,1.2,45.3,56,-8.6,0.88,-0.25
Brice SensabaughUTA | SF,20,584,17.7,31.1,22.8,21.1,7.4,77,23,1.3,35.2,66.2,3.7,,
Shake MiltonNYK | SG,27,581,23.5,31.5,26.2,13.6,5.2,55,17,1.5,36.1,64.3,2,-0.24,0.13
Jarred VanderbiltLAL | PF,24,581,25.2,26.6,22.7,11.2,14.4,91,37,3.2,35.2,67.6,3.7,-1.57,0.52
Evan FournierDET | SG,31,580,18,28.3,32.5,14.8,6.4,56,25,4.2,37.6,65.8,4.6,-0.85,0.01
Zeke NnajiDEN | PF,23,576,10.5,14.3,12.4,25.2,37.6,44,15,2.2,48.9,46.3,-15.1,1.1,0.14
Andre Jackson Jr.MIL | SF,22,572,30.9,25.2,17,16.1,10.7,82,23,2.3,38.8,65.4,1.9,,
Lamar StevensMEM | SF,26,559,13,14.4,21.2,26.9,24.4,94,23,2.5,41,52,-10,-0.03,-0.14
Richaun HolmesWAS | C,30,555,5.5,9.9,7.6,14.9,62,5,21,1.8,39.6,69.3,5.7,-0.26,-0.34
Omer YurtsevenUTA | C,25,545,5.6,11.1,10.4,16.2,56.8,8,19,1.7,43.1,66.9,4.2,0.36,-0.09
Julian StrawtherDEN | SF,21,545,16,32.8,26.1,18.4,6.6,63,14,2.2,37.2,54.7,-5.5,,
Bones HylandLAC | PG,23,540,23.5,35.8,18.4,13.3,9,57,18,1.7,35.2,73.3,13,-0.74,-0.42
Jalen McDanielsTOR | PF,26,538,13.9,26.5,24.2,19.5,15.9,98,16,2.7,37.5,63.8,0.4,-1.1,0.18
Sasha VezenkovSAC | PF,28,511,9.8,25.7,28.6,24.9,11.1,74,14,2.7,42.1,54.4,-8.3,,
Danuel House Jr.| SF,30,509,24,25.9,20.6,20.1,9.4,92,21,1.3,31.4,64.6,2.9,-1.34,0.15
Mark WilliamsCHA | C,22,508,7.8,5.8,11.5,11.2,63.7,2,38,2.1,46.8,65.1,0.3,-0.53,-0.45
Jaden SpringerBOS | SG,21,507,32.7,30.3,17.4,11.3,8.2,46,22,3.8,37.4,58.9,-1,0.11,-0.24
Patrick Baldwin Jr.WAS | PF,21,493,10.9,21.1,19.6,26.4,22,97,16,2,40.1,59.3,-2.8,-0.05,-0.05
Robert CovingtonPHI | PF,33,488,17,20.1,23.8,23.5,15.7,100,24,6.5,38.4,57.9,-3.9,0.67,0.79
P.J. TuckerLAC | PF,38,486,9.3,10.8,14,44.6,21.4,22,29,2.6,29.6,62.3,-0.4,0.51,0.23
Tari EasonHOU | PF,22,480,9.7,25.8,26.7,30.8,6.9,50,33,4.4,32.2,54.2,-7.1,1.56,0.15
Monte MorrisMIN | PG,28,476,27.2,32.5,20.3,13.2,6.8,58,18,2.3,39.4,58.2,-3.6,-0.84,-0.48
Isaiah LiversWAS | SF,25,469,15.5,19.3,20.3,38.3,6.6,40,26,2.5,36.5,62.9,-1.4,-0.61,-0.09
Bol BolPHX | C,24,469,14,24.5,24.8,25.3,11.3,91,14,1.4,36.2,45.3,-17,0.66,0.09
Anthony GillWAS | PF,31,466,10.1,13.1,15.1,22.6,39.2,40,15,1.2,34.7,68,3.3,-0.1,0.58
Yuta WatanabeMEM | SF,29,464,11.4,33.2,22,25.9,7.3,54,16,1.4,45.1,60.2,-3.3,0.23,0.52
Nassir LittlePHX | SF,23,458,13.8,23.5,17.5,34.8,10.4,67,20,1,39.4,64.9,1.5,0.62,-0.87
Sandro MamukelashviliSAS | PF,24,451,6.5,13.4,24.6,32.2,23.4,60,14,1.8,41.4,65.2,2.5,-0.28,-0.05
Alex LenSAC | C,30,444,6.3,6.4,7,26.3,53.9,9,12,1.9,42.6,51,-8.6,1.62,-0.52
Thomas BryantMIA | C,26,441,5.6,7.8,11,22.4,53.2,11,14,1.3,53.6,65.8,1.9,-0.76,-0.36
Thaddeus YoungPHX | PF,35,439,7.7,7.3,12.8,19.8,52.3,13,22,3.4,39.7,67.9,4.9,0.01,0.89
Chuma OkekeORL | PF,25,432,24.7,15.4,26.1,24.9,8.9,86,19,1.4,25.7,64.4,3.1,-0.35,0.19
Dominick BarlowSAS | PF,20,420,7.6,10,13.8,19.3,49.3,16,14,2.1,49.2,63.1,-0.1,0.18,-0.18
Reggie Bullock Jr.HOU | SF,32,417,12.6,35.3,28.5,15.7,7.9,42,12,1.4,42.3,73,11.3,-0.16,0.08
Patty MillsMIA | PG,35,415,28.1,33,21,12.2,5.7,45,21,2.2,29.2,72.5,12.1,-1.42,-0.04
Trent ForrestATL | PG,25,414,34.9,27.4,14.8,15.8,7.1,47,16,2.4,35.8,59.7,-0.8,1.15,-0.52
Wesley MatthewsATL | SG,37,413,16.3,21.7,35.2,17.6,9.2,67,21,3.7,35.8,51.6,-10.5,0.14,0.13
Svi MykhailiukBOS | SG,26,413,16.1,33.4,18.2,28.1,4.2,44,10,2,25.4,56.7,-5.2,0.17,0.35
Aleksej PokusevskiCHA | PF,22,405,10.8,28.6,22.7,23.6,14.2,88,17,2.3,40.5,66.7,5.3,0.89,-0.67
Derrick RoseMEM | PG,35,399,33,32.1,14.8,12.6,7.5,39,22,1.4,34.7,72.1,10.2,-0.17,0.06
DeAndre JordanDEN | C,35,396,6.1,6.8,9.4,24.1,53.7,10,14,1.1,37.4,63.2,0.4,1.29,-1.37
Eugene OmoruyiWAS | SF,26,393,11.8,14.5,15.1,23,35.7,66,11,3.8,31.1,61.7,-2.1,-1.77,0.6
Matt RyanNOP | SF,26,390,16,34.7,22.9,17.4,9,67,16,1.3,40,62.1,0.3,-0.14,-0.26
Noah ClowneyBKN | PF,19,370,12.8,17.9,14.5,22.6,32.3,84,19,1.8,45.3,51.9,-8.2,,
Ousmane DiengOKC | SF,20,365,11.7,20.4,22.1,33.8,12,72,11,0.8,37.3,58.5,-1.5,-1.04,0.25
Ben SimmonsBKN | SF,27,359,12,13,28.7,22.9,23.4,88,37,3,33.3,77.6,13.1,-0.51,0.94
Brandon Boston Jr.LAC | SG,22,345,22.4,31.2,16.5,23,6.9,72,15,2.8,39.8,75,13.8,-1.15,0.42
Jarace WalkerIND | PF,20,340,10.2,19.7,30.3,24.7,15.1,83,16,2.8,51.3,62.7,2.5,,
JaVale McGeeSAC | C,36,339,6.9,8.8,9.5,19.8,55.1,9,9,1.8,43.4,52.8,-10.8,0.48,-0.43
Olivier-Maxence ProsperDAL | PF,21,336,13.5,18.3,26.1,25.7,16.4,97,12,0.8,42.4,64.2,4.9,,
Jeremiah Robinson-EarlNOP | PF,23,334,11.3,17.8,12.5,19.5,39,45,14,1.6,44.3,68.8,7.1,-0.39,-0.48
Neemias QuetaBOS | C,24,333,8.5,9.2,15.9,28.6,37.9,30,10,1.8,37,54.1,-8.9,0.43,0.01
Julian PhillipsCHI | SF,20,323,11.8,26.5,20.9,34.7,6,42,11,2.3,38,65.2,2,,
Ja MorantMEM | PG,24,318,25,26.2,34.2,7.6,7,36,41,1.6,48.1,65.1,2.8,-0.45,-0.34
Devonte' GrahamSAS | PG,28,313,18.9,39.8,25.5,10.5,5.2,25,15,1.4,36.5,60,-2.5,-0.23,0.36
Orlando RobinsonMIA | C,23,304,6.8,8.8,10.4,25.2,48.7,14,14,1.9,48.6,60.3,-5.4,1.12,0.24
Furkan Korkmaz| SG,26,300,16,26.3,30.6,19.8,7.2,70,10,3.1,45.2,78.8,14.7,-1.16,0.37
Cory Joseph| PG,32,296,23,43.7,16.6,9.2,7.6,22,16,1.2,33.9,69.2,6.8,-0.41,-0.03
Garrett TempleTOR | SF,37,289,24.4,20.8,23.6,14.8,16.5,100,14,3.5,38.1,54.9,-8.8,-0.5,0.13
Kessler EdwardsSAC | SF,23,275,13.9,26.8,24.8,25.4,9.1,83,10,1.7,39.5,68.6,9.3,0.81,-0.35
Damian JonesCLE | C,28,270,6.2,8.4,15.9,25.7,43.8,19,8,1.2,34.5,52.1,-10.7,-0.77,-0.24
Onuralp BitimCHI | SF,24,268,13.1,33,22.1,26.7,5.2,48,14,1.2,21.6,83.3,21.8,,
Kira Lewis Jr.UTA | PG,22,265,32.8,40.6,8.8,9.2,8.7,19,13,2.6,30.2,61.5,-1.6,-0.19,-0.46
Gabe VincentLAL | SG,27,218,35.6,35.9,12.8,9.7,6,21,23,3,19.5,56.3,-3.3,-1.48,0.79
Markieff MorrisDAL | C,34,216,6.5,12.2,14.3,33.3,33.7,32,11,1.8,40.8,72.5,12.7,1.27,-0.3
Theo Maledon| PG,22,213,35.3,27.8,23.4,6.4,7.1,31,21,1.7,38.4,51.5,-10.9,0.1,-0.48
Charles BasseySAS | C,23,205,5.6,6.9,11.3,9.2,66.9,1,11,3.3,43.2,58.5,-6.4,1.07,-0.06
Moses BrownPOR | C,24,200,5.2,8.6,9.2,11.1,65.9,1,11,1.1,32.4,55.3,-7.5,0.68,-1.14
Kenneth Lofton Jr.UTA | C,21,199,10.1,17.1,6.9,17.9,48.1,17,12,2.2,40.2,54.3,-4.3,-0.69,-0.04
Kobe BufkinATL | SG,20,196,45.7,24.9,15,7.6,6.8,18,15,3.5,44.9,57.5,-3.7,,
Colby JonesSAC | SG,21,192,21.1,32.6,18.8,20.3,7.1,71,9,3.4,27.6,75,16.7,,
Terry TaylorCHI | PF,24,188,10.1,9.8,22.6,29.4,28.2,67,10,1.9,29.5,53.8,-7.7,1.04,0.04
Saben LeePHX | PG,24,185,46.3,24.2,12.8,8.5,8.2,18,12,3.1,41.2,67.9,5.8,0.01,0.03
Otto Porter Jr.| PF,30,174,8,23.3,28.3,26.6,13.8,75,11,3.3,36.1,50,-14,0.13,0.72
AJ GriffinATL | SF,20,171,20.4,25.7,26.3,20.2,7.4,85,9,0.8,49.3,78.8,18.3,0.4,-0.2
Joe Harris| SG,32,170,9.2,16.8,38.6,28.3,7.1,26,8,1.3,43.6,70.8,10,0.67,-0.12
Thanasis AntetokounmpoMIL | PF,31,155,13.2,13.9,21,27.7,24.2,93,5,3.7,25,43.8,-13.5,-0.77,0.38
Sidy CissokoSAS | SF,19,141,9.9,24.3,23.6,20.1,22,96,11,2.8,34,77.8,12.5,,
Brandon ClarkeMEM | PF,27,134,12.3,6.9,13.5,36.2,31,30,18,2.1,39.6,57.9,-9,0.47,-0.14
Emoni BatesCLE | SF,20,133,16.4,27.4,34.7,14.5,7,48,9,1.4,37.5,80,17.1,,
Luka GarzaMIN | C,25,122,6.3,5.1,8,17,63.6,2,9,2.1,44.3,66.7,3,-0.54,0.8
Jalen PickettDEN | PG,24,122,23.5,35,19.1,14.2,8.3,60,6,2.1,33.3,73.3,15.5,,
Robert Williams IIIPOR | C,26,119,12.9,10.2,11.2,34.9,30.8,38,20,3.3,37.8,67.9,5,0.2,-0.06
Udoka AzubuikePHX | C,24,113,8.5,7.3,6.5,13.3,64.4,2,11,1.6,35.2,52,-10.9,0.55,-0.28
Jalen Hood-SchifinoLAL | PG,20,109,38.5,24.9,17.1,12.1,7.5,35,4,0.7,40.5,66.7,3.5,,
Dylan WindlerATL | SF,27,108,8.8,18,16.6,50,6.7,15,6,3.7,36.7,66.7,8.1,-0.15,0.01
Maxwell LewisLAL | SG,21,103,10,28.3,26.2,24.9,10.6,73,1,1.7,51.4,72.2,9,,
Josh MinottMIN | PF,21,91,10.7,14.1,21.7,32.1,21.4,81,2,5.9,34.1,92.9,33,0.44,-0.26
Cole SwiderMIA | PF,24,87,9.6,25.8,40.5,15,9.1,26,6,0.8,36.8,50,-9.2,0.3,0.01
Terquavion SmithPHI | SG,21,84,28.6,34.1,15.3,15.3,6.6,45,5,2.5,42.9,83.3,20.7,,
Jordan WalshBOS | SF,19,83,22.6,14.5,23.4,33.2,6.3,60,9,1.7,44.4,75,13.7,,
James Bouknight| SG,23,81,19.9,36.1,30,7.2,6.8,28,6,1.3,34.6,44.4,-26.2,-0.84,0.01
Ryan RollinsMIL | PG,21,78,36.6,28.5,13.6,9.9,11.3,38,7,8.3,46.4,38.5,-18.3,-0.04,-0.11
R.J. Hampton| SG,22,76,52.1,24.5,8.9,6.8,7.6,12,17,1.4,37.9,63.6,0.1,-1.18,-0.11
Wendell Moore Jr.MIN | SG,22,75,24.6,22.5,20.7,22.5,9.6,95,2,5.3,27.3,66.7,8.4,-0.09,-0.09
Mouhamed GueyeATL | C,21,73,14.5,5.9,10.4,39.4,29.7,24,12,2,27.3,77.8,11.7,,
Isaiah MobleyCLE | PF,24,72,5.1,13.8,38.1,22.3,20.7,35,7,3,17.6,83.3,25.9,0.14,0.03
Boban MarjanovicHOU | C,35,71,3.5,11.4,4.1,15.9,65.2,1,4,1,16.7,25,-33.5,2.83,-0.25
Jett HowardORL | SF,20,67,10.3,31,19.9,34.7,4.1,29,3,1.1,33.3,85.7,24.9,,
Keyontae JohnsonOKC | SF,23,66,6,33.8,19.7,29.3,11.1,39,5,0.5,29.4,80,24.6,,
Robin Lopez| C,35,65,5,16.9,4.6,13.9,59.6,6,3,1.7,27.7,61.5,-3.3,0.83,-0.7
Moussa DiabateLAC | C,22,64,10,20.1,13.5,19.3,37.2,56,7,2.8,30.8,50,-11.9,0.63,-0.27
Kendall BrownIND | SF,20,63,18.3,43.9,17.8,13.8,6.3,24,5,2.3,45.5,40,-11.3,0.39,0.19
Keon JohnsonBKN | SG,21,61,36.8,22.1,11.6,22.5,7,41,15,3,38.5,80,14.5,-1.26,0.11
Colin CastletonLAL | C,23,59,9.9,6.5,10,27.4,46.3,16,3,3.1,42.9,66.7,6.6,,
TyTy Washington Jr.MIL | PG,22,56,16,37.1,20.3,13.3,13.2,62,4,1.9,33.3,40,-22.9,1.64,0.06
Dereon SeabronNOP | SF,23,55,28.7,44.1,1,13,13.1,17,7,1.3,24,33.3,-31.5,0.03,-0.13
Leonard MillerMIN | PF,20,52,6.2,13.2,29.3,37.3,14.1,30,1,3.5,66.7,58.3,1.3,,
Frank Ntilikina| PG,25,43,25.6,40.3,15.6,10.4,8.2,27,,1.7,36.4,25,-36.3,0.54,0.39
Oscar TshiebweIND | C,24,42,4.5,17.5,2.4,7.5,68.2,0,,1.7,45,77.8,16.8,,
JD DavisonBOS | PG,21,39,41.6,30.4,5.9,19.9,2.2,17,,2.8,58.8,60,0.6,0.06,0.01
Jordan MillerLAC | SF,24,28,27.3,16.6,17.1,31.2,7.8,,,1.3,58.3,71.4,8.1,,
Dariq WhiteheadBKN | SG,19,24,19,33.1,23.6,14.5,9.8,,,0,54.5,83.3,13.4,,
E.J. LiddellNOP | PF,23,23,12.3,22.6,34.7,13.9,16.4,,,1.6,25,50,-8.4,,
Usman GarubaGSW | PF,21,18,5.9,5.1,11,38.1,39.9,,,10,40,50,-3.6,0.07,0.48
Danny Green| SG,36,18,19.8,24.7,1.9,41.9,11.6,,,8,18.2,100,34.6,0.11,0.08
Ty JeromeCLE | PG,26,15,34.2,36.1,26.8,0,3,,,2.4,57.1,75,10.1,-0.5,0.44
Joshua PrimoLAC | SG,21,10,19.9,62.6,8.6,0,8.9,,,0,60,66.7,10.1,-1.42,-0.52
Filip Petrusev| PF,23,10,28.6,1.1,12.2,49.5,8.7,,,0,33.3,0,-51.8,,
Markquis Nowell| PG,24,4,66.8,10.3,0,9.7,13.3,,,,,,,,